agbroadcrpallaha_f, agnurspsbupano_f, agothcrop_ahacan_f, agfloerupano_f, agfrutmcdmakg_f, agewesmateanooth_f, agvegecapsakgund_f, agfrutothorctnb_f, agdaircales1_f, agfloers_aha_f, agfrutolivtnb_f, agbeefcatlano_f, agfrutothnutttb_f, agfrutothstre_f, aglambslt1ano_f, agcereal_ahamai_f, agdaircowsano_f, agvegeonioaha_f, agfrutapptba_f, agfrutmacatba_f, agbewesothge1ano_f, agfrutothcittr_f, agcereal_atooat_f, agvegepotaatopro_f, agfrutothcittba_f, agvegepotaaha_f, agturfrollupano_f, agfrutchertnb_f, agvegecapsam2und_f, agvegebrocakg_f, agfrutmacnum_f, agnursery_ahaout_f, agnurseryundaha_f, agsheeplmbano_f, agfrutnecttnb_f, aglandtotlaha_f, agothcrop_akgpnt_f, agvegeletahaout_f, agvegecapsakg_f, agfrutavotba_f, agvegecaulato_f, agcottlintakgnon_f, agdairy_ano_f, agfrutnutotaha_f, agothlstokanohld_f, ageggprodado_f, agvegbeanaha_f, agfrutothpomtba_f, agvegecornato_f, agvegecabbato_f, agfrutaprtnb_f, agbeefcalle1_f, agpasceothsilato_f, agfrutpeactnb_f, agpigs_ano_f, agfrutothcittnb_f, agpigbsow_ano_f, agothcrop_ahaoil_f, agfrutnecttba_f, agcereal_atooth_f, agpasthay_aha_f, agothcrop_atoopu_f, agfrutpeactba_f, agsugnfcrushaha_f, agvegecarrato_f, agvege_aha_f, aggrape_ahanyb_f, agbewes1ano_f, agcatldispano_f, agfrutavotree_f, agfrutalmnum_f, agfrutcherakg_f, agvegeletakgout_f, agfrutstrwahabea_f, agvegelettakg_f, agfloersundaha_f, agvegecaulaha_f, agfrutothorctba_f, agbeefallot_f, agcottlintakgirr_f, agothcrop_atocan_f, agvegepeasakgpro_f, aggrapewinahanyb_f, agcereal_atomai_f, agnurshvupano_f, agfrutmangtnb_f, aglucrnhay_ato_f, aggrape_aha_f, agdairallot_f, agvegetomaahamko_f, agfrutmangakg_f, agfrutmantree_f, agvegemushakg_f, agfrutothnum_f, agvegepeasakgmkt_f, agvegecapsaha_f, agfrutotsttba_f, aggrapeothaha_f, agfrutmandakg_f, sa4_name16, agdairheifanogt2_f, agfrutorngtnb_f, agothsheepano_f, agfrutpineato_f, agfrutaprtre_f, agpigbopigano_f, agfrutapplakg_f, agvegemusham2_f, agothcrhayato_f, agfrutapptree_f, agvegepotaahamkt_f, aggrapewinahabea_f, agvegemelnaha_f, agfrutalmoakg_f, agfrutnaspearakg_f, agvegecabbaha_f, agcereal_ahawht_f, agcottlintakg_f, aggrapeothahanyb_f, agothcrop_ahaopu_f, agfrutalmotba_f, agcottpltdahairr_f, aggrapewinaha_f, agvegebrusakg_f, agothpltryano_f, agfrutnectree_f, agpasthay_ato_f, agfrutorngakg_f, agbeefcowsano_f, agchickensanolay_f, agfrutotsttnb_f, ageweslmbmark_f, agfrutmandtre_f, agdairheifanole2_f, agewesmateanomer_f, agvegetomaato_f, agvegecapsahaout_f, agcroptotaha_f, agfrutothpomtr_f, agsugarcrsaha_f, agfrutolivtba_f, agcereal_atosor_f, aglucrnhay_aha_f, agothcrhayaha_f, agvegeletam2und_f, agfrutnaspeartnb_f, agpascrhayaha_f, agfrutothrahanyb_f, agothcrop_aha_f, agchickensanomea_f, agcereal_atotri_f, agvegepeasahamkt_f, agnursbpcupano_f, agfrutbanaato_f, agfrutoorcano_f, agfrutpeatree_f, agvegebrocaha_f, agsugarcrsato_f, agvegepumpaha_f, agorchardsaha_f, agfrutbanaaha_f, agfrutorcba_f, agfrutmandtnb_f, agvegetomaam2mku_f, aggrape_ato_f, agothcrop_ahapnt_f, aggrapeothahabea_f, agcereal_atobar_f, agcottpltdahanon_f, agcereal_atowht_f, agfrutothpomtnb_f, agnursfnvupano_f, agvegepeasakg_f, agfrutpineaha_f, agfrutpineahabea_f, agvegbeankg_f, agfrutavocakg_f, agvegetomaahamkt_f, agfrutstrwakg_f, agfrutapriakg_f, agpasceothsilaha_f, agfloers_ahaout_f, agvegepotaato_f, agothchickenano_f, agfrutalmotnb_f, agfrutothrahabea_f, aglambmarked_f, agvegepeasaha_f, agvegemelnato_f, agvegetomaahapro_f, agfrutorcnyb_f, agsugarcanaha_f, agfrutnasptree_f, agpascrhayato_f, agnursinplupano_f, agcereal_ahatri_f, agvegeletakgund_f, agfrutorngtba_f, agfrutorngtree_f, aggrape_ahabea_f, agcottpltdaha_f, agbewesmerge1ano_f, agcereal_aharic_f, agcerehay_ato_f, agcerehay_aha_f, agfrutchertree_f, agfrutavotnb_f, agfrutpechakg_f, agvegeonioato_f, agcereal_ahasor_f, agnurspropupano_f, agfrutmacatnb_f, agcereal_ahabar_f, agfrutpineahanyb_f, agvegepeasahapro_f, agfrutnectakg_f, agfrutolitree_f, agvegepumpato_f, agvegepotaatomkt_f, agcereal_atoric_f, agfrutothnuttnb_f, agvegetomaaha_f, agnursery_aha_f, aggrapewinato_f, agvegeoth_aha_f, agfrutolivakg_f, agvegebrusaha_f, agfrutmangtba_f, agfrutapptnb_f, agfrutothha_f, aglambmarkmerano_f, agfrutorctot_f, agvegepotaahapro_f, agvegetomaatopro_f, aggrapeothato_f, agfrutmandtba_f, agvegetomaakgmku_f, agvegetomaatomkt_f, agvegetomaatomko_f, agvegecapsakgout_f, aglambmarkothano_f, agfrutchertba_f, agcereal_ahaoat_f, agfrutbanaahabea_f, agvegecornaha_f, agfrutbanaahanyb_f, agfrutaprtba_f, sa4_code16, agothcrop_atooil_f, agvegelettaha_f, agfrutnaspeartba_f, agturf_aha_f, agvegecarraha_f, agnursptsupano_f, agnurflwtuaha_f, agcereal_ahaoth_f
578,null,null,12,null,1231,1,null,120,10,1,1626,2,null,1376,null,null,null,null,null,1013,8,null,null,2,null,2,27,1,2,null,null,15,1739,null,2545,null,null,null,null,2,null,null,null,null,19,1,1,null,null,null,1345,null,null,34,6,22,null,16,3,null,21,8,null,null,null,3,1680,1680,null,null,null,null,null,null,2,2,1,1330,null,null,null,3,null,4,null,null,null,123,null,null,null,1,2,1,null,null,null,2,"Capital Region",73,1,1505,null,10,34,null,1,7,null,null,null,1,null,1,null,null,null,null,21,null,null,null,null,40,16,null,8,1403,19,9,1475,2,94,982,null,null,944,1,null,null,null,null,7,1,null,481,null,null,14,30,1,2,null,1,8,2,null,null,null,null,null,null,1,null,null,null,null,null,null,null,6,1,null,null,1,null,null,null,10,null,8,null,null,null,null,1545,1,1,null,null,null,1,481,null,30,1,8,8,null,null,1283,null,null,null,null,null,8,null,null,10,null,null,null,null,16,null,null,null,null,null,null,null,null,14,null,null,null,null,null,1013,null,null,null,null,2,1,null,null,null,1219,null,null,null,null,null,10,"101",null,null,1,2,null,4,null,3
6,null,null,13,null,1,null,null,null,null,3,27,null,7,2,null,null,null,null,null,4,21,null,null,null,6,4,null,null,24,null,null,10,4,4,null,null,22,6,null,22,null,null,null,54,7,null,1,6,7,null,13,null,3,null,12,null,null,8,null,null,null,5,null,3,60,null,4,27,20,null,null,22,6,22,14,22,null,26,null,null,null,null,null,2,null,6,null,null,3,null,null,null,null,null,6,7,null,4,"Central Coast",null,null,3,null,null,null,null,null,null,null,6,null,null,null,null,7,null,null,null,null,null,null,null,null,3,8,null,null,27,7,3,1,null,null,null,10,6,null,1,null,3,null,6,null,null,null,6,1,6,null,null,null,2,null,null,7,24,null,6,null,null,null,1,7,null,null,null,null,null,null,null,3,null,null,null,null,null,10,6,null,null,13,6,null,null,1,1,null,null,null,27,null,null,6,null,null,null,null,null,null,null,null,null,null,null,null,9,5,null,null,7,null,null,null,null,8,3,6,6,null,null,10,null,null,55,3,null,null,null,1,null,null,null,null,null,4,7,10,3,6,1,null,null,null,6,null,null,"102",null,22,null,4,3,6,null,null
2052,null,705,2,null,1861,null,null,null,2,6,2229,null,5,2219,5,null,null,null,null,1619,null,1021,5,null,7,3,4,null,null,null,3,4,2758,null,3994,null,3,2,null,null,8,70,null,null,14,2,null,11,null,null,1704,null,null,71,null,71,null,9,12,null,null,15,null,2,null,22,2537,2261,null,null,null,3,2,5,null,null,null,1785,19,705,null,22,5,null,null,null,null,59,2,null,null,null,2,null,2,5,null,null,"Central West",32,null,2110,null,2,71,null,null,47,null,2,null,null,null,4,null,1393,27,null,null,null,19,null,3,5,9,null,1,2057,14,2,2269,null,25,899,4,2,2701,null,null,5,6,null,47,2,null,1434,2,null,null,111,null,null,null,null,15,null,null,null,null,null,null,null,2,null,null,null,829,8,1393,null,null,null,null,null,2,null,4,2,2,null,2,7,9,null,5,2451,null,null,null,20,null,4,1434,1,111,2,1,1,null,27,1399,4,661,661,null,null,15,null,6,null,null,829,null,null,9,10,null,2,4,2,4,4,null,11,5,3,null,null,5,980,null,5,null,null,null,2,4,2,2,2026,null,1021,null,11,null,2,"103",null,5,4,3,2,3,null,12
null,null,null,5,5,23,7,1,21,6,null,null,null,4,23,30,42,null,null,5,23,2,1,2,null,8,2,null,7,null,5,9,10,23,null,null,null,null,7,9,null,null,45,null,null,2,null,null,2,2,null,null,8,null,4,2,4,null,null,null,56,2,null,null,null,null,null,23,null,9,null,null,null,4,null,null,null,1,null,null,null,null,null,30,null,4,5,null,17,null,4,4,null,null,null,7,4,null,null,"Coffs Harbour - Grafton",null,null,23,null,null,null,null,null,null,null,6,null,null,null,null,2,null,null,null,2,null,null,null,null,null,null,56,null,null,2,null,23,null,17,null,9,null,null,null,111,4,null,5,null,null,null,63,null,25,null,1,null,null,26,1,null,null,111,6,19,34,25,null,9,null,null,null,23,null,null,null,null,null,null,null,null,9,9,4,null,8,6,8,2,null,null,23,null,null,null,10,119,null,63,3,1,null,null,null,null,null,null,null,26,26,null,3,null,null,null,2,null,23,null,null,null,4,6,6,null,null,9,11,null,null,4,null,4,null,null,null,27,2,null,null,null,9,9,null,null,23,null,1,26,2,13,null,"104",null,null,null,4,null,5,null,null
1582,null,null,1,null,1203,null,2,39,1,null,1976,2,null,1654,7,39,null,null,null,971,null,null,null,null,null,4,null,null,2,null,3,2,2035,2,2979,null,null,null,null,8,22,50,18,null,8,null,null,14,12,2,1482,null,2,38,null,34,8,3,3,null,582,1,null,1,32,2,1895,1988,null,null,1,null,null,null,null,8,2,1623,null,null,null,2,7,null,null,null,10,24,null,null,null,6,2,null,null,null,null,null,"Far West and Orana",5,null,1519,null,2,38,null,6,21,null,null,8,1,null,null,12,1078,null,null,582,null,null,10,null,13,3,null,5,1769,8,null,1592,4,18,706,null,null,1732,null,null,null,25,null,21,null,null,null,6,null,1,5,null,null,null,2,3,2,null,2,null,2,null,4,null,8,null,null,621,22,1078,null,1,null,null,null,null,null,null,null,null,null,1,null,18,null,null,1764,null,1,null,8,null,null,null,null,5,null,5,5,8,null,1229,null,null,null,1,null,1,null,25,3,null,621,null,null,3,null,2,null,null,null,null,3,8,null,null,null,null,null,6,763,17,null,null,null,null,null,null,null,null,1338,1,null,null,14,2,null,"105",8,null,null,4,1,null,7,3
107,null,18,2,null,92,null,null,74,2,8,917,3,null,null,3,null,null,8,null,82,2,32,3,2,3,10,null,null,null,null,5,7,null,null,1191,null,null,null,null,null,null,null,6,null,15,null,null,null,null,null,null,107,null,21,null,21,null,null,null,115,null,null,null,null,9,16,null,982,null,null,null,null,null,null,null,null,null,null,null,18,null,8,3,null,8,null,69,47,null,null,8,1,3,null,null,null,8,2,"Hunter Valley exc Newcastle",48,2,null,null,null,21,8,1,24,8,null,61,null,null,null,null,35,null,8,null,null,null,61,null,33,null,115,2,null,15,null,null,2,null,49,3,null,null,null,null,4,null,null,24,null,null,null,null,44,50,null,null,null,null,null,null,null,null,null,6,null,18,null,3,61,null,null,47,null,35,null,2,null,null,null,null,null,3,null,null,107,2,3,26,null,null,null,null,null,null,10,null,null,null,null,null,null,2,2,61,null,null,null,21,21,null,null,null,null,null,5,null,47,null,null,null,12,null,null,null,null,3,7,61,3,4,null,null,null,null,50,18,3,null,null,2,3,3,null,null,115,null,32,null,null,null,null,"106",null,null,null,10,null,null,null,null
null,null,null,null,null,1,null,null,29,null,null,51,null,null,2,null,29,null,1,null,1,1,null,null,1,null,null,null,null,1,null,2,2,2,null,79,null,2,1,null,null,null,29,null,null,null,1,null,null,1,null,44,11,1,null,1,null,null,1,null,null,null,1,null,null,4,null,2,73,null,null,null,2,null,2,null,null,null,51,null,null,null,null,null,null,null,null,null,17,null,null,null,1,null,3,1,null,null,null,"Illawarra",29,null,1,null,null,null,1,1,null,1,null,null,null,null,null,1,null,null,null,null,null,null,null,null,null,1,null,null,51,null,null,1,null,29,null,1,1,18,null,null,null,null,null,null,null,null,null,null,null,null,null,3,null,null,null,1,1,null,null,null,null,null,null,1,null,null,null,null,null,null,null,null,3,null,null,1,null,1,null,null,11,null,null,null,null,null,1,3,null,null,null,null,null,null,2,null,null,null,null,null,null,1,null,null,null,null,null,1,null,null,2,null,null,null,null,1,null,null,null,null,null,1,2,null,3,null,null,null,1,null,1,null,null,null,null,null,1,1,null,1,null,null,null,null,null,null,null,"107",null,2,null,null,null,null,2,null
8,9,null,null,29,10,1,6,null,null,null,null,6,null,15,null,null,null,null,29,10,2,null,null,2,null,7,null,1,null,29,30,19,15,null,1000,null,null,1,21,null,null,null,null,null,16,5,null,null,null,null,null,133,7,6,null,6,8,4,null,113,null,11,null,null,13,null,15,null,22,null,null,null,null,null,9,null,4,null,null,null,null,null,null,5,null,7,null,96,null,5,5,null,6,3,1,null,null,2,"Mid North Coast",129,null,15,null,null,6,null,null,null,null,null,null,null,null,null,null,null,null,null,null,null,null,null,null,4,4,113,2,null,16,null,10,2,null,null,3,null,null,null,null,4,null,7,null,null,null,113,null,null,21,null,3,8,4,6,11,null,null,null,null,7,null,null,3,null,null,null,null,null,null,null,5,3,null,null,5,21,3,null,null,133,null,null,null,null,3,10,3,null,null,null,null,null,113,2,null,null,2,2,null,null,5,null,null,null,null,18,11,null,null,12,18,null,null,null,4,4,null,null,null,4,3,30,null,6,4,null,5,null,3,null,null,null,null,null,2,3,3,null,null,10,null,null,4,null,4,null,"108",8,null,null,10,null,9,null,null
1511,6,726,null,null,923,4,null,81,null,null,1102,9,3,1156,null,88,null,1,null,667,34,437,7,30,7,null,null,4,null,null,9,8,1364,2,2505,null,2,8,18,3,null,null,null,null,12,null,null,null,3,4,840,null,2,47,4,32,9,5,7,591,null,10,null,null,73,36,1250,1185,22,6,1,2,null,2,null,3,null,960,null,726,null,18,null,6,9,null,167,70,3,5,9,null,13,null,8,3,null,null,"Murray",37,33,1095,null,4,47,1,null,null,1,null,null,30,5,null,3,1173,null,17,null,5,null,null,null,17,5,591,null,964,12,3,1139,null,86,486,6,8,2108,null,null,3,null,null,null,null,null,1017,4,58,6,null,null,6,null,null,10,null,null,null,null,null,null,28,3,164,null,null,733,null,1173,null,6,null,null,null,null,18,5,null,4,null,null,7,17,6,11,1143,null,30,null,null,null,null,1017,6,null,null,null,null,164,null,834,314,null,null,1,15,10,null,null,6,null,733,null,null,5,3,null,null,314,8,6,9,null,null,3,null,5,null,11,505,null,7,null,null,null,3,5,3,8,942,1,437,null,null,null,4,"109",9,2,null,null,null,6,9,7
1777,null,null,2,1,1121,null,null,73,null,null,3644,null,null,1276,null,39,null,1,1,null,null,null,null,null,1,null,1,null,null,1,6,8,1767,null,4495,6,null,null,null,null,null,80,31,1241,null,9,null,4,4,1,2635,null,1,46,null,45,null,null,2,139,655,null,2,null,41,null,1613,3710,null,null,null,null,1,null,1,null,null,3019,234,null,null,null,null,null,null,null,5,32,null,null,null,null,null,null,null,1,1,null,"New England and North West",15,1,1429,null,null,38,1,null,67,1,1,4,null,null,1,4,1044,375,null,655,null,234,4,null,55,null,139,21,3309,null,1,1391,null,26,null,1,null,2215,null,2,3,null,null,67,null,null,null,null,null,21,43,null,null,null,null,null,null,2,1,30,null,37,null,1,5,6,1,728,null,1044,null,null,null,null,null,9,null,1,1,null,null,2,1,2,null,null,1441,null,null,null,11,2,1,null,null,43,null,21,21,5,375,884,1,null,null,null,null,null,null,null,7,1,728,null,null,null,3,1,1,1,null,1,10,4,25,3,null,null,null,null,null,39,null,null,1,null,1,1,null,null,1206,null,null,null,4,null,null,"110",null,null,1,1,null,5,13,2
null,null,null,1,null,null,null,null,null,1,null,null,null,null,null,null,null,null,null,null,null,null,null,null,null,null,null,null,null,null,null,3,3,null,null,6,null,null,null,null,null,null,null,null,null,1,null,null,null,null,null,null,null,null,null,null,null,null,null,null,null,null,null,null,null,null,null,null,null,null,null,null,null,null,null,1,null,null,null,null,null,null,null,null,null,null,null,null,null,null,null,null,null,null,null,null,null,null,null,"Newcastle and Lake Macquarie",null,null,null,null,null,null,null,null,null,null,null,null,null,null,null,null,null,null,null,null,null,null,null,null,null,null,null,null,null,1,null,null,null,null,null,null,null,4,null,null,null,null,null,null,null,null,null,null,null,null,null,null,null,null,null,null,null,null,null,null,null,null,null,null,null,null,null,null,null,null,null,null,null,null,null,null,null,null,null,null,null,null,null,null,null,null,null,null,null,null,null,null,null,null,null,null,null,null,null,null,null,null,null,null,null,null,null,null,null,null,3,null,null,null,null,null,null,null,null,null,null,null,3,null,null,null,null,null,null,null,null,null,null,null,null,null,null,null,null,null,null,null,null,null,null,null,null,"111",null,null,null,null,null,3,4,null
null,null,null,34,336,25,4,7,115,null,null,null,13,null,29,24,91,null,null,336,28,29,null,null,26,4,5,null,4,8,336,63,null,31,1,1523,null,4,8,null,6,null,123,449,null,29,8,2,8,4,null,null,72,1,null,9,null,null,8,8,80,null,8,null,4,88,null,31,893,null,3,null,4,null,14,5,6,null,null,null,null,null,null,24,6,7,23,null,75,4,20,20,null,13,2,8,null,null,16,"Richmond - Tweed",55,3,29,null,null,null,null,null,17,null,4,null,4,3,null,4,4,null,null,null,3,null,null,null,8,8,80,12,null,29,null,29,17,88,4,7,4,944,2,null,null,null,23,17,10,null,82,3,43,null,null,2,null,null,null,8,8,null,13,389,null,422,3,3,null,null,null,null,null,4,null,6,2,null,null,8,null,7,null,null,72,null,4,11,null,27,29,2,4,null,null,null,null,82,5,null,10,12,13,null,null,3,null,19,19,null,32,8,null,null,null,null,null,null,null,8,null,13,4,null,1,7,77,null,59,null,null,20,null,27,null,427,null,null,null,16,3,7,4,4,29,null,null,null,8,7,null,"112",null,14,null,5,4,null,null,8
1935,1,859,null,null,1364,1,9,57,1,1,1420,null,null,1605,null,57,null,null,null,1207,35,597,1,26,null,null,null,1,null,null,null,null,1881,null,3546,null,1,1,null,1,1,77,345,null,14,null,null,null,1,null,1118,null,null,39,13,25,null,null,11,null,402,null,null,1,null,null,1760,1444,2,null,6,1,null,2,null,1,9,1255,113,859,null,null,null,1,null,null,301,64,null,null,null,null,12,null,1,null,4,null,"Riverina",34,null,1511,null,null,39,null,null,42,null,null,300,null,null,3,1,1538,114,null,402,null,113,301,null,6,null,null,271,1250,14,20,1520,null,57,440,1,null,2887,null,null,7,null,null,42,1,null,1124,null,null,5,55,null,4,null,9,null,null,null,null,343,null,345,null,1,300,null,4,946,1,1538,null,3,null,null,null,null,null,1,null,null,null,1,null,2,8,5,1588,null,null,null,137,null,3,1124,null,55,1,271,275,300,114,961,325,null,null,6,2,null,null,null,null,null,946,null,null,null,7,null,null,325,7,1,null,300,14,7,null,null,13,5,455,359,1,null,4,null,1,1,null,null,1405,6,597,null,null,null,null,"113",null,2,3,null,1,null,null,11
11,2,3,null,null,6,null,null,null,null,null,153,1,null,15,4,null,null,1,null,9,null,null,null,null,null,4,null,null,2,null,6,2,22,1,null,null,1,2,null,null,null,null,null,121,4,1,null,1,1,null,null,95,1,2,null,2,null,1,null,43,3,null,null,null,null,1,15,null,null,null,null,1,1,null,null,null,null,130,null,3,null,1,4,null,null,3,9,null,1,null,null,2,1,1,2,null,null,null,"Southern Highlands and Shoalhaven",null,null,15,null,null,null,1,2,null,1,null,9,null,null,1,1,7,null,null,3,null,null,9,1,null,1,43,null,129,4,null,6,null,null,null,null,2,null,null,null,2,null,3,null,1,null,null,null,3,1,null,1,2,null,null,null,2,null,1,null,null,null,null,null,9,null,null,null,null,7,null,null,1,null,null,1,null,null,1,null,95,null,null,4,null,2,10,1,null,1,1,null,1,null,null,null,1,null,null,9,null,6,null,4,4,null,null,null,null,null,null,null,null,null,null,1,2,1,null,null,null,null,6,9,null,2,1,null,null,2,null,null,null,1,null,null,null,null,1,2,10,null,null,null,1,null,null,"114",null,null,1,4,null,4,null,null
null,4,null,null,null,null,1,null,null,null,null,34,null,8,9,null,null,1,null,null,null,null,null,1,null,7,null,null,1,3,null,null,null,9,1,null,null,36,27,null,36,null,null,null,14,null,1,null,22,30,null,null,null,3,4,1,2,null,null,null,1,null,null,null,null,null,null,null,34,null,null,3,36,null,41,null,36,5,32,null,null,null,null,null,null,null,1,null,null,null,null,null,null,null,null,27,8,null,3,"Sydney - Baulkham Hills and Hawkesbury",null,null,null,null,1,4,null,null,null,null,6,null,3,null,1,30,null,null,null,null,null,null,null,null,1,null,1,4,34,null,3,null,3,null,null,10,26,294,null,null,null,null,1,null,22,null,1,null,null,3,null,null,null,null,5,null,3,null,14,null,null,null,null,4,null,null,null,null,null,null,null,3,null,null,null,1,null,10,null,1,null,null,7,1,null,8,9,null,3,null,null,null,1,1,null,null,22,4,4,null,null,null,null,1,1,3,null,null,1,null,16,null,null,null,null,null,null,14,6,null,null,10,null,null,null,null,null,null,null,10,null,null,1,null,null,3,4,10,null,26,9,3,null,null,22,null,1,"115",null,41,1,null,null,46,null,null
null,null,null,2,null,null,null,null,3,2,null,null,null,null,null,null,3,null,null,null,null,null,null,null,null,null,null,null,null,null,null,null,null,null,null,57,null,null,null,null,null,null,3,null,null,6,null,null,null,null,null,2,null,null,null,null,null,null,null,null,null,null,null,null,null,25,null,null,6,null,null,null,null,null,null,2,null,null,2,null,null,null,null,null,null,null,null,null,3,null,null,null,null,null,null,null,null,null,null,"Sydney - Blacktown",null,null,null,null,null,null,null,null,null,null,null,null,null,null,null,null,null,null,null,null,null,null,null,null,null,null,null,null,2,6,null,null,null,3,null,null,null,28,null,null,null,null,null,null,null,null,null,null,null,12,null,null,null,null,null,null,null,null,null,null,null,null,null,null,null,null,null,null,null,null,null,null,null,null,null,null,null,null,null,null,null,2,null,null,null,null,null,null,null,null,null,null,null,null,null,null,null,null,null,null,null,null,null,null,null,null,null,null,null,null,null,null,null,null,null,null,null,null,null,null,null,null,null,null,25,null,null,null,null,null,null,null,null,null,null,null,null,null,null,null,null,null,null,null,null,null,null,"116",null,null,null,null,null,null,2,null
null,null,null,null,null,null,null,null,null,null,null,null,null,null,null,null,null,null,null,null,null,null,null,null,null,null,null,null,null,null,null,null,null,null,null,1,null,null,null,null,null,null,null,null,null,null,null,null,null,null,null,null,null,null,null,null,null,null,null,null,null,null,null,null,null,1,null,null,null,null,null,null,null,null,null,null,null,null,null,null,null,null,null,null,null,null,null,null,null,null,null,null,null,null,null,null,null,null,null,"Sydney - Inner South West",null,null,null,null,null,null,null,null,null,null,null,null,null,null,null,null,null,null,null,null,null,null,null,null,null,null,null,null,null,null,null,null,null,null,null,null,null,1,null,null,null,null,null,null,null,null,null,null,null,null,null,null,null,null,null,null,null,null,null,null,null,null,null,null,null,null,null,null,null,null,null,null,null,null,null,null,null,null,null,null,null,null,null,null,null,null,null,null,null,null,null,null,null,null,null,null,null,null,null,null,null,null,null,null,null,null,null,null,null,null,null,null,null,null,null,null,null,null,null,null,null,null,null,null,1,null,null,null,null,null,null,null,null,null,null,null,null,null,null,null,null,null,null,null,null,null,null,"119",null,null,null,null,null,null,null,null
null,9,null,null,null,null,null,null,null,null,null,1,null,null,null,null,null,null,null,null,null,null,null,null,null,null,null,null,null,null,null,9,null,null,null,10,null,null,null,null,null,null,null,null,null,null,null,null,null,null,null,1,null,null,null,null,null,null,null,null,1,null,null,null,null,null,null,null,1,null,null,null,null,null,null,null,null,null,1,null,null,null,null,null,null,null,null,null,null,null,null,null,null,null,null,null,null,null,null,"Sydney - North Sydney and Hornsby",null,null,null,null,null,null,null,null,null,null,null,null,null,null,null,null,null,null,null,null,null,null,null,null,null,null,1,null,1,null,null,null,null,null,null,null,null,10,null,null,null,null,null,null,null,null,1,null,null,null,null,null,null,null,null,null,null,null,null,null,null,null,null,null,null,null,null,null,null,null,null,null,null,null,null,null,null,null,null,null,null,null,null,null,null,null,null,null,null,null,null,null,null,1,null,null,null,null,null,null,null,null,null,null,null,null,null,null,null,null,null,null,null,null,null,null,null,null,null,null,null,null,9,null,null,null,null,null,null,null,null,null,null,null,null,null,null,null,null,null,null,null,null,null,null,null,null,"121",null,null,null,null,null,null,9,null
1,null,null,null,null,1,null,null,null,null,null,2,null,null,1,null,null,null,null,null,1,null,1,null,null,null,null,null,null,null,null,2,2,1,null,13,null,null,null,null,null,1,null,null,12,null,null,null,null,null,null,2,1,null,null,null,null,null,null,null,1,null,null,null,null,null,null,1,2,null,null,null,null,null,null,null,null,null,2,null,null,null,null,null,null,null,null,null,null,null,null,null,null,null,null,null,null,null,null,"Sydney - Northern Beaches",null,null,1,null,null,null,null,null,null,null,null,null,null,null,null,null,null,1,null,null,null,null,null,null,null,null,1,null,2,null,null,1,null,null,1,null,null,3,null,null,null,1,null,null,null,null,1,null,null,null,null,null,null,null,null,null,null,null,null,null,null,null,null,null,null,null,null,1,1,null,null,null,null,null,null,null,null,null,null,null,1,null,null,null,null,null,1,null,null,null,null,null,null,1,null,null,null,null,null,null,1,1,null,null,null,null,null,null,null,1,null,null,1,null,null,null,null,null,null,null,null,null,2,null,null,null,null,null,null,null,1,null,null,null,null,null,null,null,null,null,1,null,1,null,null,null,null,"122",null,null,null,null,null,2,2,null
4,9,null,4,null,8,1,null,12,7,null,null,null,1,11,null,16,null,1,null,11,1,null,1,1,1,4,null,1,8,null,17,6,16,null,null,null,10,3,null,9,null,16,4,56,3,null,null,3,23,null,38,5,null,null,null,null,null,3,1,5,null,3,null,null,null,null,11,null,null,null,null,10,1,14,2,9,null,41,null,null,null,null,null,1,null,8,null,12,4,null,null,2,null,4,3,1,null,1,"Sydney - Outer South West",4,null,16,null,1,null,1,2,null,3,null,null,3,null,1,23,null,null,null,null,null,null,null,null,17,3,5,1,null,3,null,8,1,8,null,16,3,null,null,null,null,null,8,null,3,null,13,null,3,18,null,4,2,null,null,3,8,null,3,3,null,3,null,12,null,null,null,null,null,null,null,2,4,null,null,null,null,16,1,1,5,7,1,null,null,1,8,4,3,null,1,null,1,13,null,null,3,1,1,null,null,null,null,1,1,null,null,3,null,null,15,null,null,null,null,3,null,3,null,null,null,16,17,null,19,null,null,null,1,1,null,3,1,null,null,1,12,16,4,3,8,null,null,null,3,null,1,"123",null,14,1,4,null,2,28,1
1,null,null,null,3,4,null,null,10,2,null,17,2,1,4,null,null,null,null,3,2,2,null,4,2,4,8,null,null,4,3,7,5,5,null,null,null,20,21,2,4,null,10,21,6,12,4,null,8,27,null,17,null,null,null,null,null,null,3,null,null,null,3,null,null,75,null,3,21,2,null,null,20,null,24,null,4,1,17,null,null,null,null,null,null,null,2,null,6,null,null,null,3,2,null,21,1,null,1,"Sydney - Outer West and Blue Mountains",null,null,5,null,null,null,null,3,null,null,null,null,1,null,null,27,null,null,null,null,null,null,null,null,5,3,null,10,9,12,null,4,1,6,null,3,21,null,null,null,5,null,2,null,3,null,7,null,null,10,1,null,null,null,1,3,4,null,12,19,null,19,null,3,null,null,null,null,null,null,null,null,null,null,null,4,2,3,null,null,null,2,4,null,null,2,2,null,1,null,null,null,null,7,null,1,3,10,10,null,null,1,null,4,4,null,null,3,null,null,2,null,null,null,null,3,5,12,null,null,null,3,9,null,51,5,null,null,null,2,null,19,4,null,null,1,3,3,null,21,2,null,null,null,8,null,null,"124",null,24,null,14,null,2,null,null
1,1,1,14,null,null,null,null,1,16,null,12,null,null,1,null,1,null,null,null,1,null,null,null,null,null,null,null,null,5,null,24,null,1,null,null,null,null,null,null,5,null,1,8,3,7,4,null,null,9,null,null,null,null,null,null,null,null,null,null,1,1,null,null,null,null,null,1,13,null,null,null,null,6,4,15,5,4,11,null,1,null,null,null,5,null,23,null,1,10,null,null,null,null,null,null,null,null,null,"Sydney - South West",null,null,null,null,null,null,null,null,1,null,null,null,25,null,null,9,1,null,null,1,null,null,null,null,8,null,1,null,null,7,null,null,null,1,null,26,null,null,null,null,2,null,23,1,4,null,23,null,null,null,null,null,1,null,4,null,5,null,5,2,null,6,null,18,null,null,null,1,null,1,null,null,null,null,null,4,null,26,6,null,null,12,null,1,null,null,null,null,25,null,null,null,null,23,null,null,4,null,null,null,null,null,null,null,null,null,null,null,null,null,7,null,1,null,null,null,2,5,null,null,null,26,30,null,null,2,null,null,null,null,null,6,null,null,null,null,18,26,10,null,null,null,null,null,null,null,null,"127",null,4,null,null,null,3,42,null
null,1,null,7,null,null,null,null,40,7,null,null,5,null,null,null,40,null,5,null,null,null,null,91,null,114,null,null,null,4,null,15,1,null,null,1113,null,1,null,null,3,null,50,9,78,9,null,5,null,3,null,null,75,null,3,null,2,4,null,null,null,109,null,null,2,121,null,655,null,null,null,null,1,1,1,null,3,null,null,null,null,null,null,null,1,null,118,16,46,1,null,null,1,5,null,null,null,null,null,"Ballarat",37,null,null,null,null,3,5,1,29,5,30,16,null,null,5,3,null,null,null,109,null,null,16,null,2,null,null,null,null,9,null,null,null,41,null,1,null,null,5,null,5,null,118,29,null,null,null,3,21,null,26,null,1,null,null,null,4,null,null,5,null,5,null,null,16,null,null,null,null,null,null,1,null,null,null,null,null,1,1,null,75,7,114,null,null,2,null,null,null,null,null,null,5,null,null,26,null,null,null,16,null,null,null,null,null,null,null,null,null,null,3,null,null,null,null,null,5,null,30,null,null,1,15,16,10,5,null,null,null,3,null,5,91,null,null,null,null,1,1,null,null,null,null,null,null,null,null,"201",4,1,5,null,2,4,22,null
null,null,null,1,null,null,null,null,41,1,11,null,3,null,null,2,41,null,26,null,null,null,null,null,null,null,null,5,null,null,null,2,2,null,null,1121,null,null,null,null,null,null,42,49,180,1,null,null,null,null,null,null,116,null,43,null,39,null,null,null,null,138,null,null,null,11,null,null,null,null,2,9,null,null,null,null,null,2,null,null,null,null,null,2,null,null,null,44,42,1,null,null,4,3,null,null,null,null,null,"Bendigo",14,null,null,null,null,43,26,4,91,26,null,44,null,2,15,null,null,null,null,138,2,null,44,null,21,null,null,null,null,1,null,null,null,42,null,null,null,905,null,null,15,null,null,91,null,null,null,null,53,8,null,null,null,null,2,null,null,null,null,49,null,49,null,1,44,null,null,null,null,null,null,null,null,null,null,null,null,1,null,null,116,1,null,null,null,null,null,null,null,null,28,null,15,null,null,null,null,null,null,44,null,null,null,null,null,9,null,null,null,null,2,null,null,null,null,null,15,null,null,null,2,null,2,44,2,15,null,null,11,null,null,49,null,null,null,null,1,1,1,null,null,9,null,null,null,null,null,"202",null,null,15,null,null,null,3,null
null,null,62,9,null,null,null,null,15,10,null,null,null,null,null,7,25,5,null,null,null,null,54,null,null,null,null,null,null,6,null,16,19,null,null,null,null,1,null,null,null,null,29,18,69,11,null,null,3,null,null,null,44,null,10,null,10,8,2,null,null,51,2,null,null,null,4,null,null,null,null,2,1,3,5,1,null,null,null,null,62,null,4,7,null,null,44,7,15,null,null,null,null,null,3,null,null,null,null,"Geelong",15,null,null,null,2,10,null,null,21,null,null,7,null,null,null,null,null,null,null,51,null,null,7,null,1,2,null,null,150,11,null,null,null,18,128,3,null,null,null,null,13,null,44,21,4,null,null,null,12,null,null,3,7,null,null,2,6,null,null,15,null,15,null,3,7,null,null,null,null,null,null,null,3,null,null,null,null,3,3,2,44,9,null,13,null,null,null,3,null,null,null,null,null,null,null,null,4,null,null,7,null,null,null,83,83,2,null,2,5,null,17,null,null,null,null,2,13,null,null,null,null,3,23,7,15,13,null,null,null,null,118,15,null,null,null,null,3,3,null,null,null,2,54,null,3,null,2,"203",8,5,null,null,null,null,26,null
null,null,175,15,null,null,null,null,null,15,null,1918,null,8,null,4,null,null,24,null,null,4,null,null,4,1,null,12,null,null,null,null,6,1033,null,2866,null,null,1,1,null,null,null,null,null,58,null,1,1,null,null,1531,null,8,19,4,12,null,1,15,null,25,13,null,null,13,null,null,2017,1,null,29,null,4,1,1,null,null,1635,null,175,null,null,4,4,null,null,null,null,null,null,null,7,null,null,1,8,null,4,"Hume",73,null,null,null,null,19,24,7,20,24,1,null,null,null,11,null,null,null,null,25,null,null,null,null,14,1,null,4,1646,58,null,null,4,null,null,1,1,1526,1,null,14,null,null,20,1,4,null,6,38,2,55,null,null,null,null,13,null,null,null,null,null,null,null,1,null,null,null,25,null,null,null,null,null,null,null,null,1,1,4,null,null,13,1,44,null,22,null,null,null,null,null,null,11,null,null,55,1,4,4,null,null,null,null,null,null,29,null,13,null,null,3,null,25,null,null,1,14,null,1,null,null,1,16,null,null,14,null,null,16,23,null,null,null,null,null,4,1,1,null,1,null,29,null,null,1,null,null,"204",null,1,11,null,null,4,34,15
null,1,35,13,null,null,1,null,1015,13,3,2562,10,10,null,15,1032,7,10,null,null,9,null,13,9,null,1,5,1,null,3,null,null,null,2,3697,null,9,4,6,6,null,1139,23,null,51,null,null,null,9,2,1682,990,2,84,6,51,1,5,8,1929,21,5,null,4,null,null,null,3361,6,null,7,9,3,12,4,6,3,2145,null,35,null,null,15,5,null,235,null,882,3,null,null,null,10,17,4,10,null,3,"Latrobe - Gippsland",null,null,null,null,5,84,10,null,11,10,62,null,null,null,5,9,52,null,null,21,null,null,null,3,83,5,1929,6,1875,51,3,null,3,1016,null,6,3,2390,null,null,3,2,235,11,4,null,2098,null,16,4,20,17,3,null,3,5,null,null,5,23,null,19,null,1,null,null,null,8,null,52,null,null,17,null,null,null,6,4,3,5,990,10,null,49,null,5,null,17,null,2,10,null,5,2098,null,20,4,6,6,null,null,null,null,88,88,7,3,5,7,2,15,3,8,null,null,5,3,5,62,null,3,6,null,null,null,3,3,null,null,5,null,19,13,2,null,3,1,4,3,3,null,7,null,null,null,null,5,"205",1,12,5,4,4,8,null,8
null,null,null,null,null,null,null,null,null,null,null,null,null,null,null,null,null,null,null,null,null,null,null,null,null,null,null,null,null,null,null,2,8,null,null,9,null,null,null,null,null,null,null,null,null,null,null,null,null,null,null,null,null,null,null,null,null,null,null,null,null,null,null,null,1,1,null,null,null,null,null,null,null,null,null,null,null,null,null,null,null,null,null,null,5,null,null,null,null,null,null,null,null,null,null,null,null,null,null,"Melbourne - Inner South",null,null,null,null,null,null,null,null,null,null,null,null,null,null,null,null,null,null,null,null,null,null,null,null,null,null,null,null,null,null,null,null,null,null,null,null,null,9,null,null,null,null,null,null,null,null,null,null,null,null,null,null,null,null,null,null,null,null,null,null,null,null,null,null,null,null,null,null,null,null,null,5,null,null,null,null,null,null,null,null,null,null,null,null,null,null,null,null,null,null,null,null,null,null,null,null,null,null,null,null,null,null,null,null,null,null,null,null,null,null,null,null,null,null,null,null,null,null,null,null,null,null,8,null,1,null,null,null,null,null,null,null,null,null,null,null,null,null,null,null,null,null,null,null,null,null,null,"208",null,null,null,null,1,null,8,null
5,null,null,null,null,12,null,null,null,9,null,97,null,null,32,null,null,null,11,null,32,3,null,null,3,null,null,null,null,1,null,12,6,32,null,145,null,null,null,null,null,null,null,27,58,13,null,null,null,null,null,60,15,null,null,3,null,null,2,null,41,null,9,null,null,null,1,32,97,null,1,2,null,2,null,null,null,null,96,null,null,null,1,null,null,null,16,1,null,null,null,null,2,null,1,null,null,null,null,"Melbourne - North East",null,null,24,null,2,null,11,2,9,11,null,1,null,1,11,null,5,null,null,null,1,null,1,null,null,2,41,null,97,13,null,12,null,null,null,null,null,127,null,null,null,null,16,9,null,null,66,13,null,null,null,1,null,null,null,9,1,null,null,13,null,12,null,null,1,null,null,null,null,5,null,null,1,null,null,null,null,null,2,2,15,9,null,14,1,13,23,1,null,null,4,null,11,66,null,null,null,null,null,1,null,null,null,null,null,2,null,9,null,null,6,null,null,null,null,2,null,null,null,null,null,null,12,1,3,null,null,null,3,13,11,12,null,null,null,null,null,null,null,null,12,2,null,null,null,null,2,"209",null,null,11,null,null,9,21,null
8,null,8,null,null,27,null,null,null,2,2,69,null,null,38,null,null,null,null,null,41,null,null,null,null,null,null,5,null,null,null,null,null,null,null,null,null,null,null,null,null,null,null,13,6,9,null,null,null,null,null,37,9,null,null,null,null,null,null,null,32,null,null,null,null,null,null,44,69,null,null,5,null,null,null,2,null,null,63,null,8,null,null,null,null,null,11,2,null,null,null,null,null,null,null,null,null,null,null,"Melbourne - North West",null,null,45,null,null,null,null,null,3,null,null,2,null,null,null,null,8,null,null,null,null,null,2,null,6,null,32,null,61,9,null,30,null,null,3,null,null,null,null,null,8,null,11,3,null,null,47,null,null,null,null,null,null,null,null,null,null,null,null,13,null,13,null,null,2,null,null,8,null,8,null,null,null,null,null,null,null,null,null,null,9,null,null,null,null,null,27,null,null,null,8,null,null,47,null,null,null,null,null,2,null,17,null,null,null,5,null,null,null,null,null,null,8,null,null,null,8,null,null,null,null,null,null,2,null,8,null,null,null,null,6,13,null,null,null,null,null,null,null,null,20,5,null,null,null,null,null,"210",null,null,null,null,null,null,2,null
null,7,null,null,null,6,4,null,null,null,null,75,null,5,3,null,null,null,null,null,3,13,null,null,13,null,2,16,4,null,null,null,null,6,null,null,null,null,7,null,null,null,null,null,52,1,null,null,null,null,null,61,null,1,14,9,14,null,2,null,81,null,3,null,null,26,1,3,75,null,null,30,null,null,null,null,null,null,66,null,null,null,1,null,null,null,null,75,null,5,null,null,null,null,null,7,5,14,2,"Melbourne - Outer East",null,null,6,null,4,14,null,null,null,null,null,61,null,null,7,null,null,null,null,null,null,null,61,10,null,2,81,5,67,1,3,6,2,null,null,9,3,null,null,null,null,null,null,null,null,1,81,10,null,2,null,null,2,null,null,3,null,null,null,null,null,null,null,5,75,null,14,null,null,null,null,1,null,null,null,null,null,9,null,4,null,null,null,null,null,43,6,null,null,null,null,null,7,81,null,null,null,5,5,75,null,null,null,null,null,30,null,3,null,null,11,null,null,null,null,2,null,null,null,null,null,9,null,61,null,null,10,null,7,47,null,null,null,null,14,2,5,9,5,3,6,30,null,null,null,null,4,"211",null,null,7,2,null,null,null,null
1,12,null,null,null,20,null,null,137,null,null,null,null,null,21,null,null,2,11,null,20,6,null,8,6,9,4,null,null,1,null,null,24,22,null,null,null,5,null,null,null,null,null,20,127,6,null,null,null,1,null,253,164,null,null,6,null,null,null,null,null,null,null,null,1,64,null,20,null,null,null,null,5,null,5,null,null,null,null,null,null,null,null,null,2,null,null,3,138,null,null,null,null,null,null,null,null,null,null,"Melbourne - South East",78,null,19,null,3,null,11,null,18,11,5,3,null,null,5,1,1,null,null,null,null,null,3,1,1,null,null,null,null,6,null,20,null,142,null,null,null,null,null,null,null,null,null,18,null,null,null,3,null,16,null,null,6,null,null,null,1,null,null,20,null,20,null,null,3,null,null,null,null,1,null,13,null,null,null,null,null,null,null,3,164,null,9,22,null,6,13,null,null,null,12,null,5,null,4,null,null,null,null,3,null,null,null,null,null,null,null,null,2,null,6,null,null,null,null,null,null,null,5,null,null,null,null,3,53,null,1,null,6,6,null,20,8,null,null,null,null,null,null,null,13,null,null,null,null,null,3,"212",null,5,5,4,1,25,null,null
6,null,null,null,null,20,null,null,31,null,null,18,null,null,17,null,31,null,3,null,12,null,null,null,null,3,1,null,null,70,null,9,6,21,null,null,null,15,null,null,61,null,33,3,6,7,null,null,null,36,null,9,5,null,3,null,null,null,2,null,9,null,2,null,null,null,null,20,49,null,null,null,15,null,15,null,61,null,17,null,null,null,null,null,2,null,null,null,32,4,null,null,null,null,1,null,null,null,null,"Melbourne - West",null,null,18,null,2,3,3,null,9,3,3,null,null,null,2,36,null,null,null,null,null,null,null,null,1,2,9,null,12,7,null,20,null,33,null,4,null,null,null,null,null,null,null,9,null,null,49,null,3,2,null,1,2,null,null,2,70,null,2,3,null,3,null,4,null,null,null,2,null,null,null,null,1,null,null,null,null,4,null,2,5,null,3,null,null,2,20,1,null,null,null,null,2,49,null,null,null,null,null,null,null,8,null,33,33,null,null,2,null,null,2,null,2,null,null,2,null,2,3,null,null,4,10,null,8,null,null,null,null,2,3,3,null,null,null,null,4,4,4,null,20,null,null,null,null,null,2,"213",null,15,2,1,null,null,11,null
5,4,null,9,null,null,null,1,null,9,1,63,null,12,3,null,null,null,29,null,4,1,null,null,null,12,null,4,null,14,1,17,22,5,4,null,null,16,null,12,13,null,1,41,56,21,1,null,null,12,1,41,14,4,null,1,null,null,3,null,78,null,3,null,15,43,3,5,63,13,1,15,16,5,29,9,13,null,33,null,null,null,3,null,null,1,null,43,1,null,null,1,null,1,null,null,12,null,null,"Mornington Peninsula",null,1,3,null,13,null,29,null,null,31,12,43,null,null,18,12,5,null,null,null,null,null,43,1,null,4,78,null,42,21,null,1,1,null,1,null,null,null,null,null,15,null,null,null,12,1,78,1,null,null,null,null,null,null,1,4,14,null,null,37,null,36,1,null,43,null,null,null,null,5,null,3,null,null,null,1,12,null,5,12,14,null,12,14,1,4,4,null,null,null,12,null,19,78,null,null,12,null,1,43,null,1,null,null,null,16,1,3,null,null,12,1,null,null,null,3,16,null,12,null,1,null,30,43,31,15,1,null,12,5,1,37,null,null,null,null,null,null,null,null,3,15,null,null,null,null,12,"214",null,29,18,null,15,12,39,null
2826,null,762,10,null,1495,null,null,null,11,8,null,33,null,1811,null,null,null,6,null,1089,null,832,null,null,15,null,null,null,4,null,45,22,2186,null,4475,null,2,null,null,null,null,null,null,null,6,null,2,null,null,8,null,null,null,61,8,52,2,null,42,null,1425,74,null,null,null,null,2038,null,null,null,null,2,null,2,null,null,2,null,null,762,null,60,null,1,null,159,653,null,null,1,2,null,34,1,null,null,null,null,"North West",83,null,1700,null,null,61,6,null,null,6,11,204,null,null,2,null,2349,null,143,1425,null,null,null,null,35,null,null,null,null,6,8,1764,null,null,null,null,null,3952,2,null,24,1,159,null,null,null,1574,2,81,3,27,1,null,null,2,77,4,null,null,null,null,null,null,null,639,null,null,2233,null,2349,null,35,1,null,null,null,null,null,null,null,null,11,15,7,null,4,1800,1,null,null,109,null,2,1574,null,27,null,null,null,639,null,1391,null,null,null,null,16,74,null,1,8,null,2233,null,null,null,24,null,11,null,3,null,51,204,null,24,null,1,null,4,null,null,null,null,null,null,null,null,null,null,1449,null,832,null,null,null,null,"215",2,2,2,3,null,4,63,42
null,11,null,51,null,null,null,3,null,51,null,null,null,null,null,34,null,1,123,null,null,4,153,null,4,null,1,11,null,null,null,13,13,null,null,2237,null,3,1,null,4,null,849,190,155,null,null,null,1,4,21,null,null,null,null,1,null,1,null,4,null,23,null,null,3,34,11,null,1436,null,null,21,3,1,3,1,4,5,null,null,null,null,11,34,11,null,null,48,null,null,null,null,null,null,null,1,null,1,null,"Shepparton",null,null,null,null,null,null,123,null,75,123,null,46,1,null,135,4,null,null,null,23,null,null,46,null,4,null,null,14,null,null,null,null,null,null,56,18,1,1781,null,null,3,null,null,75,null,32,null,6,4,1,null,null,11,null,5,null,null,null,2,187,null,186,null,null,48,null,1,null,null,null,null,3,null,null,null,null,null,null,1,null,null,50,null,null,null,9,null,null,1,null,null,null,135,null,null,null,null,14,14,48,null,125,null,null,null,21,null,null,1,null,12,null,null,null,null,null,3,2,null,null,null,18,16,46,null,3,null,null,null,9,56,186,null,null,1,null,null,null,null,1,null,21,153,null,1,null,null,"216",1,3,135,1,3,11,66,4
null,1,null,6,null,1175,null,null,1112,6,null,1970,null,null,1144,16,1178,3,null,null,1280,null,null,3,null,5,null,null,null,3,null,8,6,1577,null,3853,null,null,null,null,null,null,1245,null,null,4,null,null,null,null,null,1665,null,null,49,null,36,10,null,null,2058,88,null,null,null,16,1,1488,2914,null,null,null,null,1,null,1,null,null,1723,null,null,null,1,16,4,null,null,null,885,3,null,null,null,null,null,null,null,null,null,"Warrnambool and South West",null,null,1320,null,null,49,null,null,109,null,3,null,null,null,null,null,null,null,null,88,null,null,null,3,10,null,2058,null,1693,4,null,1328,null,1124,null,9,null,2558,null,null,null,null,null,109,null,null,2203,1,45,1,7,null,4,null,null,null,3,null,null,null,null,null,null,7,null,null,null,null,null,null,null,null,null,null,null,null,null,9,1,null,null,6,5,7,null,3,1312,null,null,null,null,null,null,2203,null,7,null,null,null,null,null,null,null,214,214,null,null,null,3,null,null,null,null,null,null,null,null,null,3,null,null,9,8,null,6,null,3,null,null,3,null,null,3,null,null,null,7,9,3,null,1183,null,null,null,null,null,null,"217",10,null,null,null,null,1,null,null
1,null,null,4,null,null,null,null,null,6,null,4,null,null,null,null,null,null,null,null,null,null,null,null,null,null,null,null,null,null,null,null,null,null,null,null,null,null,null,null,null,null,null,null,2,4,null,null,null,null,null,4,null,null,null,null,null,null,null,null,null,null,null,null,1,6,null,null,4,null,null,null,null,null,null,5,null,null,4,null,null,null,null,null,1,null,1,null,null,null,null,null,2,null,null,null,null,null,null,"Brisbane - East",null,null,null,null,null,null,null,2,null,null,null,null,null,null,null,null,null,null,null,null,null,null,null,null,null,null,null,null,4,4,null,null,null,null,null,null,null,null,null,null,null,null,1,null,null,null,1,null,1,7,null,null,2,null,null,null,null,null,1,null,null,null,null,null,null,null,null,null,null,null,null,null,null,null,null,null,null,null,null,null,null,4,null,1,null,null,null,null,null,null,null,null,null,1,3,null,null,null,null,null,null,null,null,null,null,null,null,null,null,null,null,null,null,null,null,null,null,1,null,null,null,null,null,null,3,null,null,null,null,null,null,null,null,null,null,null,null,null,null,null,null,null,null,null,null,null,null,"301",null,null,null,null,1,null,null,null
null,null,null,null,null,null,null,null,null,null,null,null,null,null,null,null,null,null,null,null,null,null,null,null,null,null,null,null,null,null,null,null,null,null,null,2,null,null,null,null,null,null,null,null,2,2,null,null,null,null,null,null,null,null,null,null,null,null,null,null,null,null,null,null,null,null,null,null,null,null,null,null,null,null,null,null,null,null,null,null,null,null,null,null,null,null,null,null,null,null,null,null,null,null,null,null,null,null,null,"Brisbane - North",null,null,null,null,null,null,null,null,null,null,null,null,null,null,null,null,null,null,null,null,null,null,null,null,null,null,null,null,null,2,null,null,null,null,null,null,null,null,null,null,null,null,null,null,null,null,null,null,null,null,null,null,null,null,null,null,null,null,null,null,null,null,null,null,null,null,null,null,null,null,null,null,null,null,null,null,null,null,null,null,null,null,null,null,null,null,null,null,null,null,null,null,null,null,null,null,null,null,null,null,null,null,null,null,null,null,null,null,null,null,null,null,null,null,null,null,null,null,null,null,null,null,null,null,null,null,null,null,null,null,null,null,null,null,null,null,null,null,null,null,null,null,null,null,null,null,null,"302",null,null,null,null,null,null,null,null
null,null,null,null,null,null,null,null,null,null,null,1,null,null,null,null,null,null,null,null,null,null,null,null,null,null,2,null,null,null,null,1,1,null,null,13,null,1,null,null,null,null,null,null,null,null,null,null,null,1,null,1,null,null,null,null,null,null,null,null,null,null,null,null,null,9,null,null,1,null,null,null,1,null,1,null,null,null,1,null,null,null,null,null,null,null,null,null,null,null,null,null,null,null,null,null,null,null,null,"Brisbane - South",null,null,null,null,null,null,null,null,null,null,null,null,null,null,null,1,null,null,null,null,null,null,null,null,null,null,null,null,1,null,null,null,null,null,null,null,null,12,null,null,null,null,null,null,null,null,null,null,null,null,null,null,null,null,null,null,null,null,null,null,null,null,null,null,null,null,null,null,null,null,null,null,null,null,null,null,null,null,null,null,null,null,null,null,null,null,null,null,null,null,null,null,null,null,null,null,null,null,null,null,null,null,null,null,null,null,null,null,null,null,null,null,null,null,null,null,null,null,null,null,null,null,1,null,7,null,null,null,null,null,null,null,null,null,null,null,null,null,null,null,null,null,null,null,null,null,null,"303",null,1,null,2,null,1,3,null
null,null,null,null,null,null,null,2,null,null,null,null,null,null,null,null,null,null,null,null,null,null,null,null,null,null,null,null,null,null,null,1,null,null,null,3,null,null,null,2,null,null,null,2,null,null,null,null,null,null,null,null,null,null,null,null,null,null,null,null,null,null,null,null,null,null,null,null,null,2,null,null,null,null,null,null,null,2,null,null,null,null,null,null,null,null,null,null,null,null,2,2,null,null,null,null,null,null,null,"Brisbane - West",null,null,null,null,null,null,null,null,null,null,null,null,null,null,null,null,null,null,null,null,null,null,null,null,null,null,null,null,null,null,null,null,null,null,null,null,null,3,null,null,null,null,null,null,null,null,null,null,null,null,null,null,null,null,2,null,null,null,null,2,null,2,null,null,null,null,null,null,null,null,null,null,null,null,null,null,2,null,null,null,null,null,null,null,null,null,null,null,null,null,2,null,null,null,1,null,null,null,null,null,null,null,null,null,null,null,2,null,null,null,null,null,null,null,null,null,null,null,null,null,null,null,1,null,null,null,null,2,null,null,null,2,null,null,null,null,null,null,null,null,null,null,null,null,null,null,null,"304",null,null,null,null,null,null,1,null
755,null,null,7,3,null,null,25,null,17,null,366,null,null,3,36,null,null,null,3,null,null,null,8,null,20,3,null,null,null,3,10,9,6,null,1362,21,null,null,null,null,null,null,null,null,10,null,null,null,null,null,280,10,null,3,40,3,13,null,3,null,14,null,null,null,63,null,null,416,null,null,null,null,null,null,7,null,48,350,null,null,null,null,36,null,null,3,null,null,null,15,15,null,null,null,null,null,null,null,"Cairns",null,null,3,3,null,3,null,null,10,null,19,null,6,null,null,null,null,null,null,14,null,null,null,null,3,null,null,null,304,10,null,null,10,null,null,null,null,1041,null,701,null,7,3,10,null,null,null,18,9,7,null,null,null,null,48,null,null,701,20,null,null,null,10,null,null,21,null,null,null,null,null,null,null,3,3,null,null,null,null,null,10,10,20,3,null,54,6,null,6,null,null,740,null,null,4,null,null,null,null,null,null,null,7,null,null,null,18,null,null,7,4,3,null,3,null,null,null,20,19,7,null,null,12,null,22,null,null,15,null,56,null,null,8,null,null,null,null,null,null,null,6,null,null,null,null,null,null,"306",13,null,null,3,null,7,32,3
2264,1,null,9,10,null,null,null,null,9,null,3392,null,null,null,null,null,null,null,10,null,7,null,3,6,10,1,2,null,null,10,9,null,695,2,4656,null,9,null,19,null,null,null,109,840,25,16,null,4,null,5,2559,null,5,null,null,null,35,null,null,null,839,null,null,5,null,3,657,3479,19,null,4,9,6,12,null,null,1,2913,229,null,null,3,null,null,null,null,null,null,null,null,null,2,null,null,null,null,null,null,"Darling Downs - Maranoa",57,null,null,null,null,null,null,2,null,null,6,null,9,null,15,null,972,307,1,839,null,229,null,null,48,null,null,null,2948,25,12,null,null,null,null,null,null,2686,null,null,null,655,null,null,3,2,null,7,null,2,null,null,null,null,1,null,null,null,null,null,null,null,null,4,null,null,null,776,null,972,null,null,null,null,null,16,19,null,6,12,null,9,10,32,null,43,609,null,9,null,null,null,15,null,null,null,3,null,null,null,307,null,null,null,null,6,null,null,null,655,null,null,776,null,null,null,null,null,6,null,null,null,9,null,null,null,null,null,12,48,null,null,3,null,null,null,4,null,null,null,null,4,null,null,4,null,12,"307",35,12,15,3,5,null,null,null
335,null,null,null,null,7,null,5,61,null,null,2123,null,null,17,23,77,null,null,null,17,1,11,null,1,null,6,null,null,2,null,8,11,21,null,2412,3,null,2,5,null,6,84,null,null,null,2,null,4,null,null,1873,null,null,18,null,16,8,null,null,null,219,null,null,null,null,1,17,2138,5,null,null,null,2,null,null,null,7,1868,null,null,null,1,23,null,7,95,5,20,null,15,15,null,null,null,2,null,4,1,"Central Queensland",18,null,19,17,null,18,null,null,null,null,null,1,5,null,null,null,193,null,null,219,null,null,1,null,7,null,null,null,2056,null,null,7,1,25,null,null,2,535,null,null,null,null,95,null,null,null,null,null,14,null,null,null,null,null,7,null,2,null,6,null,null,null,1,null,5,3,4,17,6,193,null,2,null,17,17,2,5,null,2,null,null,null,null,5,null,null,9,null,5,null,13,null,null,null,null,null,null,null,null,5,null,null,null,null,null,null,2,null,null,null,6,3,17,17,null,null,null,6,null,null,null,null,11,1,4,null,null,15,null,null,null,null,null,null,4,1,null,null,null,2,9,null,11,null,4,null,null,"308",8,null,null,6,null,6,null,null
52,1,null,3,null,null,null,null,7,2,null,17,null,null,null,null,7,null,null,null,null,null,null,null,null,null,2,null,null,7,null,null,24,null,null,null,null,null,null,13,null,null,7,27,26,1,null,null,null,null,null,17,null,null,null,null,null,null,null,null,null,null,null,28,null,28,null,null,24,13,null,null,null,null,17,2,null,7,17,null,null,null,null,null,null,null,null,null,7,null,null,null,1,null,null,null,null,null,null,"Gold Coast",7,null,null,null,null,null,null,1,9,null,null,null,null,null,null,null,null,null,null,null,null,null,null,null,null,null,null,null,17,1,null,null,null,7,null,null,null,null,null,52,null,null,null,9,17,null,9,null,null,null,null,null,null,null,7,null,7,52,null,13,null,13,null,null,null,null,null,null,null,null,null,1,null,null,null,null,13,null,null,null,null,null,null,1,null,10,null,null,null,null,6,52,null,9,3,null,17,null,null,null,null,null,null,null,null,null,6,null,null,null,13,null,null,null,null,null,null,null,null,null,null,null,39,null,3,null,null,null,null,10,null,13,null,null,null,null,null,null,null,null,null,null,null,null,null,2,null,"309",null,17,null,2,null,null,43,null
null,null,1,2,null,1,null,null,57,2,null,null,1,null,null,34,55,19,null,null,1,7,10,1,7,10,6,null,null,9,null,8,1,1,null,null,null,10,null,9,null,null,66,15,295,null,19,null,15,24,null,350,61,null,1,null,1,19,null,null,175,33,null,null,11,null,null,1,null,9,null,null,10,4,19,null,null,8,327,null,1,null,null,34,null,null,158,null,37,6,7,7,2,1,9,null,null,null,null,"Ipswich",34,null,1,null,null,1,null,2,20,null,9,null,14,null,null,24,10,null,null,33,null,null,null,null,null,null,175,null,355,null,null,1,null,58,null,20,null,null,null,null,2,19,158,20,9,null,null,null,12,15,null,9,4,null,8,null,9,null,51,11,null,11,null,16,null,null,null,38,null,10,null,null,9,null,null,19,9,20,4,null,61,2,10,6,null,null,1,9,14,null,1,null,null,null,null,null,9,null,null,null,null,null,null,36,36,null,1,null,19,19,1,null,38,null,null,null,2,51,9,null,null,20,8,null,null,2,null,7,null,null,null,11,1,null,null,null,16,20,6,null,1,null,10,null,15,null,null,"310",19,19,null,10,11,null,20,null
7,null,null,2,null,null,null,null,26,2,null,254,null,null,null,6,26,null,null,null,6,null,null,null,null,null,4,null,null,null,null,null,2,6,null,null,null,null,null,null,null,null,54,null,149,null,null,null,null,null,null,238,19,null,null,null,null,6,null,6,35,null,null,null,null,13,null,6,274,null,null,null,null,null,null,2,null,null,231,null,null,null,null,6,null,null,94,10,26,null,null,null,3,null,null,null,null,null,null,"Logan - Beaudesert",32,null,6,null,null,null,null,3,22,null,null,10,null,null,null,null,6,null,null,null,null,null,10,null,34,null,35,null,242,null,null,null,null,48,null,null,null,170,null,null,null,null,94,22,null,null,129,null,1,18,null,null,null,null,null,null,null,null,null,null,null,null,null,null,10,null,null,null,null,6,null,null,null,null,null,null,null,null,null,null,19,2,null,null,null,null,null,null,null,null,null,null,null,129,2,null,null,null,null,10,null,null,null,22,22,null,null,null,null,null,1,null,null,null,null,null,null,null,null,null,null,null,4,10,11,null,null,null,null,null,null,null,null,null,null,null,null,null,null,null,null,null,null,null,null,null,null,"311",6,null,null,5,null,1,null,6
1143,null,null,null,1,null,null,null,null,null,null,1011,null,null,12,7,16,null,null,1,15,null,null,null,null,null,4,null,null,null,1,5,2,15,null,1964,null,null,24,null,null,null,18,37,null,3,null,null,null,null,null,834,16,null,7,null,null,5,null,null,56,null,null,661,null,null,null,15,1012,null,null,null,null,1,null,null,null,null,953,3,null,null,null,7,null,null,null,null,2,21,34,35,null,null,null,24,null,null,1,"Mackay - Isaac - Whitsunday",null,null,12,null,null,7,null,null,null,null,null,null,7,null,null,null,null,3,null,null,null,3,null,null,4,null,56,1,890,3,null,null,1,null,null,21,24,1264,null,1035,null,null,null,null,null,null,62,null,null,1,null,null,2,null,null,null,null,1035,14,34,null,37,null,null,null,null,null,null,null,null,null,null,null,null,null,null,null,21,1,null,16,null,null,19,null,1,null,null,7,null,null,1058,null,62,null,null,null,1,1,null,3,null,3,null,null,null,null,null,null,null,3,null,null,null,null,null,null,14,null,3,null,21,5,null,19,null,null,34,null,1,null,38,null,null,null,1,null,21,21,24,null,null,null,null,null,null,null,"312",5,null,null,4,null,1,8,null
1,null,null,2,4,null,null,null,15,2,null,106,null,null,null,null,21,null,null,4,null,1,null,null,1,null,12,null,null,null,4,33,19,null,null,null,null,2,null,10,null,null,21,null,20,5,null,null,null,null,null,102,22,null,null,1,null,null,null,null,8,null,null,null,null,4,null,null,121,11,null,null,2,null,2,null,null,null,103,null,null,null,null,null,15,1,8,null,12,null,null,2,1,null,null,null,null,null,null,"Moreton Bay - North",6,null,null,null,null,null,null,1,2,null,null,null,null,null,null,null,null,null,null,null,null,null,null,null,null,null,8,null,103,5,null,null,null,15,null,null,null,null,null,null,null,null,8,2,null,null,16,null,1,14,null,null,1,11,null,null,null,null,null,15,11,16,null,null,null,null,null,null,null,null,null,null,null,null,null,null,10,null,null,null,22,2,null,null,null,null,null,null,null,null,4,null,null,16,2,null,null,null,null,null,null,null,null,null,null,null,null,null,null,null,4,2,null,null,null,null,null,null,null,null,null,null,35,null,2,null,null,null,null,null,null,17,null,null,null,null,null,null,null,null,null,null,null,11,null,9,null,"313",null,2,null,13,null,14,50,null
null,null,null,null,null,null,null,null,6,null,null,6,null,null,null,null,6,null,null,null,null,null,null,null,null,null,2,null,null,null,null,null,1,null,null,20,null,null,null,null,null,null,6,null,10,null,null,null,null,null,null,6,null,null,null,null,null,null,null,null,null,null,null,null,null,null,null,null,6,null,null,null,null,null,null,null,null,null,6,null,null,null,null,null,null,null,null,null,6,null,null,null,null,null,null,null,null,null,null,"Moreton Bay - South",6,null,null,null,null,null,null,null,null,null,null,null,null,null,null,null,null,null,null,null,null,null,null,null,null,null,null,null,6,null,null,null,null,6,null,null,null,4,null,null,null,null,null,null,null,null,null,null,null,null,null,null,1,null,null,null,null,null,null,null,null,null,null,null,null,null,null,null,null,null,null,null,null,null,null,null,null,null,null,null,null,null,null,null,null,null,null,null,null,null,null,null,null,null,1,null,null,null,null,null,null,null,null,null,null,null,null,null,null,null,1,null,null,null,null,null,null,null,null,null,null,null,null,null,null,null,null,null,null,null,null,null,null,null,null,null,null,null,null,null,null,null,null,null,null,null,null,"314",null,null,null,2,null,null,4,null
null,null,null,null,null,null,null,9,6,null,null,1523,null,2,null,null,5,1,null,null,null,null,4,null,null,null,2,null,null,null,null,1,null,341,null,1805,null,null,null,null,null,null,8,null,491,null,4,null,null,null,null,1344,null,null,19,null,17,3,null,null,null,5,null,5,null,null,null,308,1523,null,null,null,null,null,null,null,null,null,1437,null,null,null,null,null,null,null,7,6,null,null,null,null,null,null,1,null,2,6,3,"Queensland - Outback",null,4,288,1,null,19,null,null,12,null,null,null,6,null,null,null,null,null,null,5,null,null,null,null,7,null,null,2,1437,null,2,247,3,null,162,1,null,226,null,null,null,6,7,12,null,null,null,null,6,null,null,1,null,5,null,null,null,null,22,null,5,null,null,null,6,null,6,null,null,null,null,null,1,1,1,4,null,null,null,null,null,null,null,1,null,null,256,1,6,1,null,null,null,null,null,null,null,2,6,6,null,234,null,17,17,null,17,null,1,6,null,null,null,1,null,null,null,22,null,null,null,1,1,null,6,null,null,null,null,null,168,null,null,1,6,3,null,null,null,null,null,null,4,5,null,1,null,"315",3,null,null,2,null,null,3,null
13,1,null,4,null,null,null,10,19,6,null,47,null,null,null,null,26,null,null,null,null,27,null,null,27,null,7,null,null,null,null,38,31,null,null,null,null,1,2,34,null,null,26,null,70,null,null,null,null,null,null,28,null,null,1,1,1,null,null,null,2,null,null,10,null,35,null,null,73,34,null,null,1,13,1,2,null,29,19,1,null,null,null,null,null,null,null,null,26,2,2,2,3,null,null,2,null,null,null,"Sunshine Coast",20,null,null,null,null,1,null,3,null,null,null,null,1,null,null,null,null,1,null,null,null,1,null,null,null,null,2,null,44,null,null,null,null,19,null,5,2,null,null,12,null,null,null,null,null,null,2,11,null,9,null,null,null,2,29,null,null,12,null,null,2,null,1,3,null,null,null,null,null,null,null,16,null,null,null,null,34,5,13,null,null,4,null,null,null,17,null,null,1,null,28,12,null,2,1,null,null,null,null,null,1,null,null,null,null,null,15,null,null,null,32,4,null,null,null,null,null,null,null,null,null,5,61,null,26,null,null,2,null,21,null,null,null,null,null,null,3,5,2,2,null,null,null,2,null,null,null,"316",null,1,null,8,null,15,76,null
53,null,null,4,null,2,null,1,21,4,null,117,1,null,null,1,29,null,null,null,null,null,8,null,null,14,2,null,null,15,null,10,6,null,null,null,null,19,null,2,14,null,30,null,12,3,null,null,5,10,null,90,14,1,6,null,6,null,1,null,18,11,1,null,null,39,null,null,130,2,null,null,19,null,19,4,14,1,110,4,null,null,null,1,1,null,16,null,8,null,3,3,null,1,null,null,null,null,null,"Toowoomba",7,null,null,null,null,6,null,null,12,null,12,null,null,null,null,10,14,4,null,11,null,4,null,null,8,1,18,null,109,3,null,2,null,17,null,null,null,null,null,null,null,18,16,12,null,null,60,null,10,1,6,null,4,null,1,1,15,null,13,null,null,null,null,null,null,null,null,38,null,14,null,1,null,null,null,null,2,null,null,null,14,4,14,2,null,null,null,null,null,null,2,null,null,60,null,6,null,null,null,null,4,null,null,24,24,null,1,1,null,18,1,null,38,null,null,1,null,13,12,null,null,null,10,null,null,null,null,3,null,null,null,null,null,null,null,null,null,null,null,null,null,null,8,null,5,null,null,"317",null,19,null,2,null,null,16,null
946,null,null,null,null,null,null,null,3,null,null,null,null,null,null,10,3,null,null,null,null,17,null,null,17,null,5,null,null,null,null,17,16,null,null,1349,null,null,null,null,null,null,3,64,null,null,13,null,7,null,null,null,null,null,null,6,null,8,null,6,52,25,null,null,null,null,null,null,null,null,null,null,null,null,null,null,null,5,null,5,null,null,null,10,1,5,null,null,3,11,46,51,null,null,null,null,null,null,null,"Townsville",3,null,null,null,null,null,null,null,null,null,null,null,25,null,null,null,null,5,null,25,null,5,null,null,3,null,52,null,null,null,null,null,null,null,null,11,null,1083,null,912,null,null,null,null,null,null,53,null,null,null,null,null,null,1,5,null,null,912,27,61,1,57,null,null,null,null,null,null,null,null,null,null,null,null,null,13,null,11,null,null,null,null,null,6,null,null,null,null,25,5,12,936,null,53,null,null,null,null,null,null,5,null,1,null,null,null,null,null,null,null,12,null,null,null,null,null,null,27,null,1,null,11,22,null,17,null,null,46,null,null,null,62,null,5,null,null,null,11,11,null,null,null,null,1,7,null,null,"318",8,null,null,11,null,16,33,6
820,null,null,null,null,68,null,11,null,null,1,1911,null,2,89,null,null,null,null,null,72,null,22,4,60,null,4,null,null,null,null,25,20,113,null,2763,90,2,null,null,1,3,null,257,null,null,18,null,1,1,null,1608,76,null,76,27,59,44,6,5,141,60,6,null,1,null,1,83,1956,null,null,null,2,5,2,3,1,39,1771,1,null,null,1,null,null,10,null,9,60,27,46,46,3,null,null,null,2,7,null,"Wide Bay",61,9,102,29,null,76,null,3,68,null,null,2,40,null,null,1,69,4,null,60,null,1,2,1,35,6,141,40,1778,null,null,68,null,65,25,29,null,1394,null,434,1,59,null,68,null,null,null,2,85,13,null,null,null,9,39,6,null,434,40,null,9,236,37,2,9,90,7,128,3,69,null,11,null,30,29,18,null,29,5,null,76,null,null,null,null,30,70,null,40,null,null,457,null,null,null,null,null,40,42,9,4,13,null,48,48,null,null,6,null,59,null,null,128,28,null,6,1,40,null,null,null,29,26,2,null,1,1,46,null,31,null,241,4,null,7,null,2,29,27,null,70,null,22,9,1,null,null,"319",44,2,null,4,1,1,null,5
4,null,null,10,null,null,null,6,15,11,null,null,2,10,null,null,16,null,null,null,null,14,null,null,14,14,null,20,null,4,null,16,7,null,null,434,null,1,1,null,4,null,18,null,null,3,null,null,1,null,null,null,32,2,1,5,1,null,5,null,null,1,16,null,4,17,24,null,null,null,null,null,1,5,1,null,4,6,null,null,null,null,24,null,null,null,8,null,12,1,null,null,null,2,null,1,10,null,null,"Adelaide - Central and Hills",8,null,null,null,8,1,null,null,5,null,14,null,null,null,null,null,4,null,null,1,null,null,null,2,5,5,null,null,null,3,5,null,null,15,6,1,1,349,null,null,10,null,8,5,null,9,null,null,null,7,null,null,null,null,6,16,4,null,4,null,null,null,null,null,null,null,null,1,null,4,null,null,null,null,null,null,null,1,5,8,32,11,14,2,null,null,null,null,null,null,null,null,null,null,null,null,null,null,null,null,null,null,null,17,17,null,null,16,null,null,9,null,1,null,null,5,10,4,14,null,null,1,18,null,2,10,2,null,null,null,6,null,null,null,null,null,null,1,1,1,null,null,null,null,1,null,8,"401",null,1,null,null,4,9,28,null
null,2,2,null,null,5,null,null,null,null,5,12,null,null,15,null,null,7,null,null,16,null,4,null,null,null,null,null,null,3,null,16,5,27,null,329,null,8,null,null,15,null,1,27,9,6,null,null,null,18,null,8,5,null,10,null,10,null,null,2,11,17,null,null,10,null,6,21,12,null,18,null,8,null,11,null,15,null,9,null,2,null,5,null,1,null,6,21,1,2,null,null,null,null,null,null,null,1,null,"Adelaide - North",null,null,20,null,null,10,null,null,null,null,null,20,null,18,null,18,null,null,1,17,18,null,20,null,1,null,11,null,9,6,null,5,null,null,null,null,2,302,null,null,14,null,6,null,2,null,28,null,null,3,null,null,null,null,null,null,3,null,null,27,null,32,null,null,20,null,null,26,null,null,null,null,null,null,null,null,null,null,null,null,5,1,null,1,10,null,7,null,null,2,15,null,null,28,null,null,2,null,null,20,null,11,null,18,18,null,null,null,7,null,9,null,26,null,null,null,14,null,null,null,null,null,19,20,null,14,null,null,null,null,null,32,null,2,null,null,null,null,2,2,7,null,4,null,null,null,null,"402",null,11,null,null,10,6,22,2
8,null,null,null,null,14,null,null,null,2,null,15,5,null,9,null,null,null,null,null,20,null,null,null,null,null,null,null,null,null,null,2,8,25,null,null,null,null,null,null,null,null,null,37,16,4,null,null,null,null,null,15,null,null,null,null,null,null,null,null,5,2,null,null,null,1,null,25,15,null,5,null,null,null,null,2,null,null,13,null,null,null,null,null,null,null,5,null,null,null,null,null,1,5,null,null,null,null,null,"Adelaide - South",null,null,16,null,null,null,null,1,2,null,null,null,null,5,8,null,2,null,null,2,5,null,null,null,null,null,5,null,15,4,null,15,null,null,null,null,null,null,null,null,19,null,5,2,null,null,13,null,null,null,null,null,null,null,null,null,null,null,null,37,null,32,null,null,null,null,null,8,null,2,null,null,null,null,null,null,null,null,null,null,null,2,null,null,5,null,9,null,null,null,8,null,8,13,null,null,null,null,null,null,null,4,null,5,5,null,null,null,null,null,2,null,8,null,null,null,19,null,null,null,null,null,8,null,null,19,null,null,null,null,null,32,null,null,null,null,null,null,null,null,8,null,null,null,null,null,null,"403",null,null,8,null,null,5,10,null
1990,null,null,null,null,973,null,null,12,null,null,null,2,null,1387,null,12,1,3,null,513,null,null,1,null,3,null,null,null,1,null,null,null,1753,null,2807,null,1,5,null,5,null,12,60,null,null,null,null,null,null,null,null,46,null,null,null,null,5,5,38,null,1228,5,null,null,15,null,1554,null,null,null,5,1,null,1,null,5,null,null,null,null,null,null,null,null,null,94,null,9,null,null,null,1,2,null,5,null,5,null,"Barossa - Yorke - Mid North",11,null,1453,null,5,null,3,1,null,3,null,null,null,null,2,null,1783,null,5,1228,null,null,null,null,16,5,null,null,null,null,null,1411,null,10,823,null,5,2482,null,null,18,null,94,null,null,null,1113,null,50,null,26,null,null,null,null,5,1,null,null,60,null,31,null,null,null,null,null,1582,null,1783,null,null,null,null,null,null,null,null,null,5,46,null,3,35,null,null,1486,null,null,null,null,null,2,1113,null,26,null,null,null,null,null,1247,null,847,847,5,null,5,1,null,null,null,1582,null,null,5,18,null,null,null,null,null,null,null,2,18,null,null,null,null,824,31,1,null,null,null,null,null,null,5,1040,5,null,null,null,null,5,"405",5,1,2,null,null,null,null,38
1012,null,351,null,null,529,null,null,null,null,null,null,null,null,947,null,null,null,null,null,null,null,null,null,null,null,null,null,null,null,null,null,null,1022,null,1321,null,null,null,null,null,null,null,6,null,1,null,null,null,null,null,null,13,null,13,null,7,null,null,29,null,350,null,null,null,7,null,1001,null,null,null,null,null,null,null,null,null,null,null,null,351,null,null,null,null,null,1,null,null,null,null,null,null,null,null,null,null,null,null,"South Australia - Outback",null,null,868,null,null,13,null,null,28,null,null,null,null,null,null,null,956,null,null,350,null,null,null,null,10,null,null,null,null,1,null,934,null,null,720,7,null,1017,null,null,null,null,1,28,null,null,null,null,25,null,6,null,null,null,null,null,null,null,null,6,null,null,null,7,null,null,null,737,null,956,null,null,null,null,null,null,null,7,null,null,13,null,null,10,null,null,965,null,null,null,null,null,null,null,null,6,null,null,null,null,null,857,null,null,null,null,null,null,null,null,null,null,737,null,null,null,null,null,null,null,null,7,null,null,6,null,null,null,null,null,731,null,null,null,null,null,7,7,null,null,533,null,null,null,null,null,null,"406",null,null,null,null,null,null,null,29
1561,1,null,null,null,1821,6,27,205,null,17,1788,5,17,2039,1,195,23,20,null,1199,null,null,null,null,48,null,14,6,4,null,20,15,2403,19,4536,null,5,6,34,4,null,236,null,null,23,null,22,null,3,22,1490,null,19,null,14,null,5,null,null,810,643,null,null,12,null,107,2296,1909,45,null,22,5,7,7,null,4,null,1417,null,null,null,94,1,7,null,null,947,null,8,null,null,null,5,3,6,null,14,null,"South Australia - South East",null,33,2114,null,null,null,20,null,null,20,null,933,7,null,15,3,1056,null,13,643,null,null,938,null,50,null,810,191,1594,23,12,2090,null,204,927,23,null,3672,22,null,37,3,null,null,3,9,1900,18,null,null,null,3,null,null,28,null,4,null,20,null,null,360,32,16,942,null,9,1161,null,1056,21,null,3,null,null,null,34,23,7,null,null,null,48,20,null,13,2220,3,7,null,null,null,17,1900,null,null,3,191,191,942,null,1508,null,890,890,26,34,null,23,3,11,null,1161,null,null,null,37,20,null,null,2,23,null,933,22,37,null,null,13,18,938,null,null,null,9,null,16,23,8,null,1859,22,null,null,null,null,null,"407",5,7,15,null,12,9,null,null
null,8,38,14,28,null,null,2,null,14,3,810,14,23,null,null,null,10,null,28,null,27,58,null,26,null,4,8,null,22,28,34,25,null,6,1590,null,4,10,null,15,null,null,null,144,22,1,4,null,10,null,null,null,1,5,2,4,null,36,null,null,null,36,null,6,null,55,null,929,null,21,15,4,null,4,null,15,11,null,null,38,null,54,null,7,null,11,281,null,14,14,14,null,14,null,10,23,7,28,"Bunbury",null,7,null,null,29,5,null,null,21,null,null,275,13,21,40,10,18,null,1,null,21,null,275,null,1,36,null,29,null,22,4,null,32,null,null,28,10,1212,4,null,21,null,11,21,null,3,684,5,1,5,null,null,null,null,12,37,22,null,39,null,null,null,12,14,280,null,6,57,null,18,null,6,null,null,null,1,null,28,null,28,null,14,null,null,4,10,null,null,13,null,null,null,40,684,null,null,null,29,33,280,null,null,null,130,130,15,54,36,10,null,15,4,57,null,null,36,21,39,null,null,4,28,42,275,55,21,null,14,40,15,null,null,null,null,6,28,14,28,14,10,null,15,58,null,null,null,28,"501",null,4,40,4,6,14,52,null
null,null,null,null,null,13,null,null,5,null,null,86,null,null,20,null,5,null,null,null,23,null,null,null,null,null,null,null,null,null,null,null,null,29,null,null,null,null,null,null,null,null,5,null,39,7,null,null,null,null,null,null,6,null,1,null,1,null,null,null,null,null,null,null,null,null,null,28,null,null,null,null,null,null,null,null,null,null,73,null,null,null,null,null,null,null,null,1,5,null,null,null,null,null,null,null,null,1,null,"Mandurah",4,null,24,null,null,1,null,null,3,null,null,null,null,null,null,null,null,null,null,null,null,null,null,null,5,null,null,null,77,7,null,13,null,5,null,null,null,null,null,null,null,null,null,3,null,null,null,null,null,5,null,null,null,null,null,null,null,null,null,null,null,null,null,null,1,null,1,null,null,null,null,null,null,null,null,null,null,null,null,null,6,null,null,4,null,null,18,null,null,null,null,null,null,null,null,null,null,null,null,1,null,18,null,14,14,null,null,null,null,null,null,null,null,null,null,null,null,null,null,null,null,null,null,null,null,null,null,null,null,null,null,null,null,null,1,null,null,null,null,null,18,null,null,null,null,null,null,"502",null,null,null,null,null,null,null,null
null,null,null,3,null,11,1,null,null,3,null,24,null,null,null,null,null,null,null,null,11,3,null,null,3,null,4,null,1,null,null,6,null,11,null,null,null,null,1,null,null,null,null,6,20,5,null,null,null,null,null,24,1,null,null,3,null,null,null,null,1,null,null,null,null,4,15,11,24,null,null,null,null,2,null,null,null,null,23,null,null,null,3,null,null,null,null,null,null,null,null,null,null,null,null,1,null,null,3,"Perth - North East",null,null,11,null,null,null,null,null,null,null,null,25,3,null,null,null,null,null,15,null,null,null,25,null,null,null,1,3,24,5,null,11,3,null,null,null,null,null,null,null,null,null,null,null,null,null,2,null,null,null,null,null,null,null,null,null,null,null,null,4,null,4,null,null,null,null,null,null,null,null,null,3,null,null,null,null,null,null,2,null,1,3,null,3,null,null,11,null,3,null,4,null,null,2,null,null,null,3,3,null,null,null,null,null,null,null,null,null,null,null,3,null,null,null,null,null,null,null,null,null,null,null,6,25,1,null,null,null,null,null,null,4,null,null,null,3,null,null,null,null,11,null,null,null,null,null,null,"504",null,null,null,4,null,null,13,null
null,null,null,5,null,null,null,null,null,5,null,2,null,null,null,null,null,null,null,null,null,null,null,null,null,null,8,null,null,4,null,33,12,null,null,null,null,3,7,2,2,null,null,13,6,2,4,null,null,3,null,2,null,null,null,null,null,null,null,null,null,null,null,null,null,40,3,null,2,2,null,null,3,11,3,5,2,null,null,null,null,2,3,null,null,null,null,3,null,7,null,null,null,null,null,7,null,null,null,"Perth - North West",null,null,null,null,null,null,null,null,null,null,null,3,5,null,null,3,null,null,null,null,null,null,3,null,null,null,null,null,2,2,null,null,null,null,null,9,6,null,null,null,null,null,null,null,null,null,null,null,null,7,null,null,null,null,null,null,4,null,2,2,null,2,null,2,3,null,null,null,null,null,null,null,2,null,null,4,2,8,11,null,null,5,null,null,null,null,null,2,5,null,null,null,null,null,7,null,null,null,null,3,null,null,null,null,null,null,null,null,null,null,7,null,null,null,2,null,null,2,null,null,null,9,35,3,24,null,null,null,null,null,null,2,null,null,null,null,2,8,7,6,null,null,null,null,null,null,null,"505",null,3,null,8,null,11,47,null
null,null,null,13,null,7,8,5,7,7,null,60,null,null,4,null,7,null,null,null,6,17,null,null,17,1,1,1,8,null,null,17,14,7,25,249,null,1,8,19,null,null,7,null,null,null,null,null,null,null,6,43,4,28,1,9,1,null,null,null,44,null,null,null,5,15,null,6,64,26,null,7,1,null,4,7,null,2,48,null,null,null,null,null,null,3,null,7,7,null,null,3,null,null,null,8,null,null,17,"Perth - South East",7,6,6,null,null,1,null,null,null,null,1,7,null,null,null,null,null,null,null,null,null,null,7,null,3,null,44,17,54,null,11,7,17,7,null,null,null,null,3,null,4,null,null,null,3,2,48,3,null,11,null,null,7,null,5,null,null,null,null,null,null,null,3,null,7,null,null,null,null,null,3,null,null,null,null,null,19,null,null,null,4,3,1,null,null,3,9,null,null,null,null,null,null,48,null,null,3,17,20,7,null,null,null,5,5,7,15,null,null,null,10,null,null,null,null,null,4,null,1,null,null,null,20,7,7,4,null,null,4,6,null,null,null,null,null,17,null,null,null,null,9,7,null,null,null,null,null,"506",null,4,null,1,5,8,28,null
null,null,null,5,null,null,null,null,null,5,null,null,null,null,null,null,null,13,null,null,null,null,null,null,null,null,3,null,null,null,null,1,1,null,null,66,null,null,null,2,null,null,null,2,3,9,null,null,null,null,null,null,null,null,null,null,null,null,null,null,null,null,null,null,13,45,null,null,null,2,null,null,null,null,null,2,null,null,null,null,null,null,null,null,null,null,null,2,null,null,null,null,1,null,null,null,null,null,null,"Perth - South West",null,null,null,null,null,null,null,1,null,null,null,2,null,null,null,null,null,null,null,null,null,null,2,null,null,null,null,null,null,9,null,null,null,null,null,null,null,56,null,null,null,null,null,null,null,null,null,null,null,null,null,null,null,null,null,null,null,null,null,2,null,2,null,null,2,null,null,null,null,null,null,null,null,null,null,null,2,null,null,null,null,3,null,3,null,null,null,null,null,null,null,null,null,null,null,null,null,null,null,2,null,null,null,null,null,null,null,null,13,null,1,null,null,null,null,null,null,null,null,null,null,null,1,2,31,null,null,null,null,null,null,2,null,null,null,null,null,null,null,null,null,null,null,null,null,null,null,"507",null,null,null,3,13,null,9,null
3549,null,1820,14,1,1751,null,null,22,17,2,1020,1,5,2719,null,15,2,null,1,1048,null,1877,null,null,null,7,null,null,9,3,null,null,3426,1,4888,null,11,null,null,null,null,25,null,null,36,null,null,null,6,null,826,102,null,null,null,55,5,8,16,null,1099,11,null,12,51,null,3240,1035,null,null,4,11,4,12,11,null,null,864,null,1820,null,null,null,null,null,22,null,null,1,5,5,null,1,null,null,5,2,27,"Western Australia - Wheat Belt",15,3,2914,null,6,null,null,null,112,null,null,null,3,null,null,6,2703,null,2,1099,null,null,null,1,21,8,null,24,937,36,null,2765,28,19,1871,null,1,4243,null,null,18,null,22,112,null,null,1650,4,null,10,29,null,null,null,null,11,9,null,null,null,null,null,null,2,null,null,2,2493,null,2703,null,null,null,null,null,null,null,null,4,6,102,14,null,13,null,7,2959,null,3,1,null,null,null,1650,null,29,null,24,25,null,null,2626,null,1284,1284,4,4,11,2,null,5,2,2493,null,null,8,18,null,null,null,1,null,null,null,35,18,1,5,1,8,2008,null,null,1,2,27,2,null,1,1,1836,4,1877,null,null,null,6,"509",5,12,null,8,12,null,null,16
14,5,1,5,null,null,null,null,null,5,null,103,null,null,1,7,null,null,null,null,null,6,1,null,6,null,11,null,null,null,null,18,22,null,null,173,null,null,null,null,null,null,null,34,22,null,2,null,null,null,null,97,9,null,null,null,null,2,null,null,16,8,null,null,null,16,null,null,103,null,null,null,null,null,null,5,null,6,96,null,1,null,null,7,5,null,null,null,null,null,34,34,null,null,null,null,null,null,null,"Western Australia - Outback (North)",null,null,null,null,null,null,null,null,5,null,null,null,6,null,null,null,null,null,null,8,null,null,null,null,null,null,16,null,100,null,null,null,null,null,1,null,null,null,null,null,null,2,null,5,null,null,null,null,3,null,null,null,5,1,6,null,null,null,9,34,1,34,null,null,null,null,null,null,null,null,null,11,null,null,null,2,null,null,null,null,9,null,null,null,null,null,null,null,6,null,null,null,null,null,5,null,null,null,null,null,null,1,null,2,2,null,null,null,null,2,9,null,null,null,null,null,null,9,null,null,null,null,22,null,5,null,null,34,null,null,1,34,null,null,null,null,null,null,null,null,null,null,1,1,null,1,null,"510",2,null,null,11,null,5,33,null
1081,null,629,null,null,null,7,null,2,null,null,null,null,null,null,null,2,12,1,null,null,16,null,null,16,null,null,null,7,5,null,1,2,668,null,1550,null,null,31,null,6,null,2,null,null,2,12,null,6,5,null,null,13,null,4,5,4,null,null,16,26,null,null,null,null,null,null,647,null,null,null,null,null,null,null,1,6,null,null,null,629,null,null,null,null,9,1,null,1,33,51,51,null,null,null,31,null,null,null,"Western Australia - Outback (South)",1,null,null,null,null,4,1,null,15,1,null,null,33,null,null,5,1021,null,null,null,null,null,null,null,3,null,26,7,null,2,null,null,null,2,null,33,25,1224,null,null,null,null,1,15,null,null,null,6,23,null,15,null,null,40,null,null,5,null,24,48,41,null,null,null,null,null,null,555,null,1021,null,null,null,null,null,12,null,33,null,null,13,null,null,null,null,1,618,null,33,null,14,null,null,null,null,15,null,7,7,null,null,null,null,null,null,null,null,null,12,null,1,null,555,null,null,null,null,24,null,null,null,33,2,null,38,null,null,51,null,7,null,null,null,null,null,null,null,33,33,25,null,null,null,40,6,13,null,"511",null,null,null,null,null,null,4,16
37,1,null,1,null,46,null,null,1,1,null,26,1,null,46,null,1,null,5,null,30,null,24,null,null,11,1,10,null,null,null,4,4,null,5,null,null,3,null,null,null,null,2,20,13,4,null,null,null,null,6,23,null,5,12,null,7,null,5,null,27,null,5,null,null,17,7,null,29,null,null,5,3,9,3,null,null,null,23,null,null,null,7,null,null,null,8,30,2,null,null,null,null,1,null,null,null,null,null,"Hobart",null,null,null,null,11,12,5,null,null,9,11,25,null,null,5,null,14,null,null,null,null,null,30,null,null,9,27,null,26,4,null,null,null,1,18,null,null,null,null,null,8,null,8,null,null,9,30,null,1,4,1,null,null,null,null,9,null,null,null,20,null,15,null,null,25,null,null,22,null,14,null,2,null,null,null,null,null,null,9,7,null,1,11,3,null,5,null,null,null,null,11,null,9,30,1,1,null,null,null,25,null,37,null,8,8,10,null,5,null,null,3,null,22,null,null,5,8,null,11,null,null,null,null,25,3,8,null,null,5,5,18,20,null,null,null,null,null,null,null,null,null,5,24,null,null,null,7,"601",null,3,5,1,null,2,null,null
208,1,43,4,null,368,null,null,118,3,null,603,4,null,345,4,146,22,7,null,355,null,null,91,null,101,null,4,null,7,null,6,5,457,null,934,null,null,null,null,null,null,166,48,null,6,null,null,null,null,null,450,270,null,15,null,15,null,null,5,582,null,null,null,null,153,8,424,710,null,null,11,null,null,null,3,null,null,525,null,43,47,8,4,4,null,null,null,124,null,null,null,1,4,1,null,null,null,null,"Launceston and North East",null,null,406,null,null,15,7,1,23,7,null,null,null,null,5,null,102,null,null,null,null,null,null,null,null,null,582,null,506,6,null,390,null,126,null,null,null,778,null,null,null,null,null,23,null,null,628,17,120,null,11,1,1,null,null,null,7,null,null,14,null,null,null,null,null,null,null,null,null,102,null,null,48,null,null,null,null,null,null,null,270,null,101,7,null,34,402,48,null,null,12,null,5,628,null,11,null,null,null,null,null,null,null,null,null,11,null,null,22,null,6,null,null,null,47,null,null,null,null,null,4,null,8,null,10,null,null,null,5,34,null,null,91,null,null,null,null,null,null,null,385,11,null,null,null,null,null,"602",null,null,5,null,null,1,11,5
null,3,null,11,null,186,null,null,null,11,1,222,null,null,235,null,null,null,null,null,157,null,29,null,null,22,null,7,null,null,null,null,1,264,null,456,null,null,null,null,null,null,null,null,null,null,null,null,null,null,null,null,null,null,null,null,null,3,null,null,null,3,null,null,null,26,7,258,231,null,null,null,null,null,null,2,null,null,186,null,null,null,7,null,1,null,null,25,null,null,null,null,null,null,1,null,null,null,null,"South East",1,null,248,null,null,null,null,null,null,null,22,25,null,null,2,null,null,null,null,3,null,null,25,null,1,null,null,null,188,null,null,231,1,null,null,null,null,342,null,null,1,null,null,null,null,null,200,5,null,6,null,1,null,null,null,null,null,null,null,null,null,null,1,null,25,null,null,27,null,null,null,1,1,null,null,null,null,null,null,null,null,10,22,1,null,12,248,1,null,null,null,null,2,200,null,null,null,null,null,25,null,184,null,18,18,null,null,null,null,null,null,null,27,null,null,null,null,null,22,null,null,null,null,25,14,1,null,null,18,12,null,null,null,null,null,null,null,null,null,null,207,null,29,null,null,null,null,"603",3,null,2,null,null,1,null,null
159,null,4,null,null,null,1,null,225,null,null,560,null,null,null,4,240,null,8,null,null,null,9,133,null,165,null,null,1,8,null,15,8,null,null,935,null,null,1,6,12,null,293,null,null,4,null,null,null,null,null,375,393,null,9,null,3,null,null,1,537,7,null,null,null,249,null,null,775,6,null,7,null,null,null,null,12,null,476,null,4,null,null,4,1,null,40,6,null,null,null,null,1,1,null,1,null,null,null,"West and North West",null,null,null,null,null,9,8,1,21,9,37,null,null,null,null,null,null,null,null,7,null,null,6,4,20,null,537,null,388,4,null,null,null,231,null,2,null,771,null,null,null,null,40,21,null,1,572,2,null,null,5,null,1,null,null,null,8,null,11,19,null,17,null,2,null,null,null,null,null,null,null,1,null,null,null,null,6,2,null,null,393,null,165,null,null,null,null,null,null,null,11,null,5,572,null,5,null,null,null,null,null,24,null,19,19,7,6,null,null,null,8,null,null,null,null,null,null,11,37,null,1,2,15,null,32,null,4,null,4,null,9,19,133,null,null,null,2,2,null,null,null,7,9,null,null,null,null,"604",null,null,null,null,null,9,21,1
3,2,null,3,null,null,null,1,null,4,null,null,null,null,null,null,null,null,null,null,null,null,null,null,null,null,2,null,null,null,null,5,null,null,null,113,null,null,null,null,null,null,null,64,null,null,null,null,null,null,null,null,null,null,null,null,null,null,null,null,null,null,null,null,null,28,null,null,null,null,null,null,null,null,null,1,null,null,null,null,null,null,null,null,2,20,null,null,null,null,57,62,null,null,null,null,null,null,null,"Darwin",null,null,null,2,null,null,null,null,1,null,null,null,null,null,null,null,null,null,null,null,null,null,null,null,1,null,null,null,null,null,null,null,null,null,null,null,null,101,null,null,null,null,null,1,null,null,null,null,3,null,null,null,null,null,null,null,null,null,2,64,1,59,null,null,null,null,null,null,null,null,null,3,null,2,2,null,null,null,null,null,null,4,null,null,null,null,null,null,null,null,21,null,null,null,1,null,null,null,null,null,null,null,null,null,null,null,null,null,null,null,4,null,null,2,null,null,null,2,null,null,null,null,null,null,null,null,null,57,null,null,null,63,null,null,null,null,null,null,null,null,null,null,null,null,null,1,null,"701",null,null,null,2,null,4,15,null
null,null,null,null,null,1,null,1,null,null,null,189,null,null,1,1,null,null,null,null,1,null,null,null,null,null,null,null,null,null,null,1,2,1,null,260,null,null,null,null,null,null,null,29,67,null,null,null,null,1,null,159,null,null,3,null,null,1,null,null,29,null,null,null,null,34,null,1,189,null,null,null,null,null,1,null,null,1,181,null,null,null,null,1,null,11,1,3,null,1,24,26,null,null,null,null,null,3,null,"Northern Territory - Outback",null,null,1,null,null,3,null,null,null,null,null,null,16,null,null,1,null,null,null,null,null,null,null,null,1,null,29,null,175,1,null,1,null,null,null,null,null,89,null,null,null,1,1,null,1,null,37,null,2,null,null,null,null,2,1,null,null,null,null,28,2,25,null,2,3,null,3,null,null,null,null,null,null,null,null,null,null,null,null,null,null,null,null,null,null,null,1,null,16,null,12,null,null,37,null,null,1,null,null,3,null,null,1,null,null,null,null,null,null,1,1,null,null,null,null,null,null,null,null,1,null,null,2,null,null,null,null,24,null,null,null,27,null,null,3,null,2,null,1,null,1,null,null,2,null,null,null,"702",1,1,null,null,null,null,2,null
3,null,1,null,null,10,null,null,null,null,null,28,null,null,12,null,null,null,null,null,8,null,null,null,null,null,null,null,null,null,null,2,2,18,null,36,null,null,null,null,null,null,null,null,7,1,null,null,null,null,null,21,null,null,null,null,null,null,null,null,3,1,null,null,null,null,1,16,28,null,null,null,null,null,null,null,null,null,25,null,1,null,1,null,null,null,null,1,null,null,null,null,null,null,null,null,null,null,null,"Australian Capital Territory",null,null,13,null,null,null,null,null,null,null,null,1,null,null,null,null,1,null,null,1,null,null,1,null,null,null,3,null,28,1,null,14,null,null,7,null,null,9,null,null,null,null,null,null,null,null,3,null,2,null,null,null,null,null,null,null,null,null,null,null,null,null,null,null,1,null,null,1,null,1,null,null,null,null,null,null,null,null,null,null,null,null,null,null,null,null,14,null,null,null,null,null,null,3,null,null,null,null,null,1,null,12,null,null,null,null,null,null,null,null,null,null,1,null,null,null,null,null,null,null,null,null,2,1,null,null,null,null,null,null,5,null,null,null,null,null,null,null,null,null,12,null,null,null,null,null,null,"801",null,null,null,null,null,2,2,null
