oth_crp_nec_vol_app_ml, num_agri_bsns_irrigating_num, wtr_tkn_on_farm_dams_tanks_tot_vol_used_ml, cotton_tot_area_ha_e, nurseries_cut_floers_cultivated_turf_vol_app_ml, wtr_tkn_rivs_crks_lakes_etc_tot_vol_used_ml, vegetables_human_consumption_vol_app_ml, rice_area_wtrd_ha, tot_area_wtrd_ha, vegetables_human_consumption_area_wtrd_ha, tot_vol_wtr_all_srcs_ml, pstrs_incl_lcrn_crl_crp_used_graze_fed_off_vol_app_ml, nurseries_cut_floers_cultivated_turf_tot_area_ha, recyc_re_used_wtr_off_farm_srcs_tot_vol_used_ml, oth_srcs_wtr_excluding_rainfall_tot_vol_used_ml, irrigate_expendure_yr_irrigate_wtr_vol_use_chrgs_tot_cst_aud, rice_tot_area_ha, fruit_trees_nut_trees_plntn_berry_fruits_area_wtrd_ha, tot_vol_app_used_incl_oth_agri_wtr_ml, tot_app_rt_ml_ha, oth_broadacre_crp_app_rt_ml_ha, wtr_tkn_irrigate_channels_irrigate_pipelines_tot_vol_used_ml, town_reticulated_mns_supply_tot_vol_used_ml, irrigate_expendure_pur_xtr_wtr_tmp_basis_tot_vol_pur_ml, cotton_vol_app_ml, irrigate_expendure_pur_xtr_wtr_perm_basis_tot_vol_pur_ml, cotton_area_wtrd_ha, pstrs_incl_lcrn_crl_crp_cut_silg_app_rt_ml_ha_d, grapevines_tot_area_ha, irrigate_expendure_pur_xtr_wtr_tmp_basis_tot_cst_aud, fruit_trees_nut_trees_plntn_berry_fruits_tot_area_ha, grapevines_area_wtrd_ha, sugar_cane_app_rt_ml_ha, oth_crp_nec_area_wtrd_ha, oth_crp_nec_app_rt_ml_ha, oth_broadacre_crp_tot_area_ha, nurseries_cut_floers_cultivated_turf_area_wtrd_ha, sa4_name16, sugar_cane_tot_area_ha_f, cotton_app_rt_ml_ha, pstrs_incl_lcrn_crl_crp_used_graze_fed_off_area_wtrd_ha, grapevines_app_rt_ml_ha, rice_vol_app_ml, oth_broadacre_crp_area_wtrd_ha, sugar_cane_vol_app_ml, pstrs_incl_lcrn_crl_crp_used_graze_fed_off_app_rt_ml_ha, pstrs_incl_lcrn_crl_crp_used_graze_fed_off_tot_area_ha, sugar_cane_area_wtrd_ha, fruit_trees_nut_trees_plntn_berry_fruits_vol_app_ml, pstrs_incl_lcrn_crl_crp_cut_silg_vol_app_ml_d, tot_vol_app_ml, oth_crls_grain_seed_eg_wheat_oats_maize_app_rt_ml_ha, grapevines_vol_app_ml, pstrs_incl_lcrn_crl_oth_crp_cut_silg_tot_area_ha, nurseries_cut_floers_cultivated_turf_app_rt_ml_ha, rice_app_rt_ml_ha, oth_broadacre_crp_vol_app_ml, pstrs_incl_lcrn_crl_crp_cut_hay_vol_app_ml_c, num_agri_bsns_num, vegetables_human_consumption_app_rt_ml_ha, irrigate_expendure_pur_xtr_wtr_perm_basis_tot_cst_aud, groundwtr_eg_bores_springs_wells_tot_vol_used_ml, pstrs_incl_lcrn_crl_crp_cut_silg_area_wtrd_ha_d, wtr_tkn_rivs_crks_lakes_etc_vol_use_chrg_occurs_tot_vol_used_ml, pstrs_incl_lcrn_crl_oth_crp_cut_hay_tot_area_ha, oth_crls_grain_seed_eg_wheat_oats_maize_vol_app_ml, oth_crls_grain_seed_eg_wheat_oats_maize_area_wtrd_ha, sa4_code16, pstrs_incl_lcrn_crl_crp_cut_hay_app_rt_ml_ha_c, fruit_trees_nut_trees_plntn_berry_fruits_app_rt_ml_ha, area_holding_tot_area_ha_a, vegetables_human_consumption_tot_area_ha, oth_agri_wtr_use_vol_used_ml_b, pstrs_incl_lcrn_crl_crp_cut_hay_area_wtrd_ha_c, wtr_tkn_rivs_crks_lakes_etc_no_vol_use_chrg_tot_vol_used_ml, oth_crls_grain_seed_eg_wheat_oats_maize_tot_area_ha
null,148.77,11917.88,null,null,9467.99,92.57,null,5034.49,54.3,29147.99,6927.76,96.98,103.55,null,380457.6,null,696.74,29147.99,2.23,null,410.97,558.19,78.32,null,null,null,null,409.39,11166.68,1754.8,null,null,null,1.43,60534.03,87.46,"Capital Region",null,null,2652.88,0.97,null,null,null,2.61,1682178.06,null,1020.14,null,11235.83,null,267.23,6071.57,3.08,null,null,null,2544.52,1.7,null,6689.43,null,7904.07,18437.83,null,null,"101",2.33,1.46,2064658.21,78.02,17912.16,null,1563.91,102835.07
null,138.85,1928.9,null,2124.45,2588.92,null,null,1615.8,820.87,5758.66,null,366.18,null,null,312583.14,null,372.95,5758.66,3.15,null,null,108.61,null,null,null,null,null,null,null,429.6,null,null,null,null,null,335.46,"Central Coast",null,null,null,null,null,null,null,null,1160.9,null,1481.92,null,5084.32,null,null,null,6.33,null,null,null,228.81,1.71,null,1132.23,null,1612.69,null,null,null,"102",0.47,3.97,4520.47,871.32,674.34,null,null,null
27.15,363.2,21881.18,9572.89,566.12,82369.12,6291.72,null,28587.93,1856.52,154955.89,19499.83,110.12,107.84,0.21,4291125.54,null,995.53,154955.89,4.55,2.53,15352.13,938.78,21023.47,53890.92,null,5412.98,3.91,2186.02,1458252.81,1375.74,2008.03,null,43.44,0.63,210934.3,106.05,"Central West",null,9.96,7352.48,1.75,null,765.8,null,2.65,3002445.28,null,1814.82,5679.39,130075.89,5.9,3517.9,9529.53,5.34,11.67,1938.69,29624.05,3993.72,3.39,null,34306.63,1452.22,79695.5,77003.91,null,706.99,"103",3.88,1.82,4881915.14,2035.98,24880.01,7625.82,2673.63,954317.64
null,165.7,2821.52,null,21.27,1706.04,113.33,null,2138.55,131.64,5870.46,null,55.69,null,null,null,null,1271.89,5870.46,1.41,null,null,153.29,null,null,null,null,null,null,null,1703.3,null,null,null,0.01,271.39,29.39,"Coffs Harbour - Grafton",8092.56,null,null,null,null,null,null,0.5,214792.53,453.25,2720.85,null,3025.52,null,null,105.32,0.72,null,null,null,739.29,0.86,null,416.59,null,null,null,null,null,"104",null,2.14,304219.53,169.63,2844.94,null,1337.99,null
null,159.45,73782.66,47808.48,349.77,186428.99,null,null,42068.36,487.54,390812.49,10118.14,92.45,3148.7,null,4975481.49,null,122.27,390812.49,8.66,4.26,66726.0,null,32405.07,342797.39,null,36265.43,0.91,141.96,3542782.32,176.0,null,null,null,null,380415.43,89.56,"Far West and Orana",null,9.45,3096.63,null,null,582.98,null,3.27,2.336263715E7,null,391.67,null,364340.66,1.0,null,null,3.91,null,null,4601.8,2978.91,6.37,null,60696.49,null,163121.34,45229.39,null,null,"105",5.02,3.2,2.661004979E7,493.25,26471.83,916.77,23307.65,995703.68
null,357.39,2975.5,null,497.48,39940.98,null,null,21907.19,null,60182.45,31791.43,180.85,null,null,1447740.8,null,null,60182.45,2.3,null,null,1017.28,null,null,null,null,null,2618.24,null,null,2283.4,null,null,null,1958.35,171.99,"Hunter Valley exc Newcastle",null,null,15727.29,1.37,null,null,null,2.02,853218.68,null,null,null,50300.31,null,null,2641.63,2.89,null,null,10810.1,1191.26,1.62,null,11112.66,null,36393.27,9048.61,null,null,"106",4.24,null,981538.15,null,9882.14,2548.97,3547.71,10248.54
null,5.67,283.36,null,null,40.18,16.34,null,38.16,11.81,559.88,null,null,null,null,null,null,24.23,559.88,1.73,null,null,117.33,null,null,null,null,null,null,null,26.59,null,null,null,null,null,null,"Illawarra",null,null,null,null,null,null,null,null,null,null,47.27,null,66.14,null,null,null,1.19,null,null,null,78.82,1.38,null,119.01,null,40.18,null,null,null,"107",null,1.95,null,11.74,493.75,null,null,null
null,198.25,3417.48,null,2397.99,9424.2,null,null,4586.46,90.42,18083.86,6324.79,295.76,null,null,781579.62,null,1322.59,18083.86,2.75,null,null,null,37.96,null,null,null,1.15,null,11360.27,2223.3,null,null,null,null,null,276.7,"Mid North Coast",null,null,2112.45,null,null,null,null,2.99,262131.36,null,2935.46,null,12590.83,null,null,2408.8,8.67,null,null,15.88,999.99,null,null,3281.6,null,6622.91,null,null,null,"108",0.3,2.22,327702.43,95.1,5493.03,52.94,2801.29,null
636.99,1179.68,19171.89,7959.09,null,331433.01,13485.33,44606.84,259441.12,2608.22,1094527.03,186717.79,54.09,null,null,2.371040054E7,44606.84,4619.65,1094527.03,4.12,1.42,695551.71,null,305125.79,80983.13,null,7959.09,2.67,7879.64,2.200478156E7,4589.36,7485.27,null,539.31,1.18,232173.48,null,"Murray",null,10.17,89222.09,7.22,500283.76,15502.06,null,2.09,6925844.14,null,33438.4,15504.08,1068341.79,1.82,54009.07,15157.89,3.5,11.22,22028.69,50708.95,2504.88,5.17,null,40641.68,5796.99,330171.21,68646.36,110448.3,60783.4,"109",2.5,7.24,8955433.61,3052.78,26185.24,20290.4,1261.8,781570.28
72.6,543.12,239323.46,213654.23,9.56,505068.36,null,12.57,148262.01,null,956362.14,3537.21,52.32,null,null,1.13234667E7,12.57,1656.45,956362.14,6.15,1.36,63987.52,394.31,38776.98,826609.3,7943.24,115165.58,1.09,57.62,7077162.62,1717.29,null,10.0,31.76,2.29,512929.3,5.36,"New England and North West",null,7.18,2604.69,0.55,23.05,3804.3,null,1.36,3764947.82,null,10028.23,2236.21,911406.09,2.66,null,6608.77,1.78,1.83,5176.79,13762.3,4495.24,4.25,9279784.94,141479.37,2045.46,487174.94,51065.43,39701.06,14929.36,"110",2.13,6.05,6598270.76,null,44956.05,6473.98,17893.42,1012280.38
null,null,91.88,null,88.0,11.0,null,null,24.26,null,110.07,null,24.26,null,null,null,null,null,110.07,3.63,null,null,null,null,null,null,null,null,null,null,null,null,null,null,null,null,24.26,"Newcastle and Lake Macquarie",null,null,null,null,null,null,null,null,25.5,null,null,null,88.0,null,null,null,3.63,null,null,null,5.72,null,null,null,null,10.02,null,null,null,"111",null,null,93.26,null,22.07,null,0.98,null
null,368.57,6569.63,null,1061.84,null,438.63,289.91,8393.25,212.1,26298.38,null,450.84,69.7,null,626737.35,289.91,2862.74,26298.38,2.58,null,1397.14,255.94,null,null,null,null,1.5,null,null,8719.04,null,null,null,null,2859.35,244.72,"Richmond - Tweed",13391.93,null,null,null,3329.69,null,null,null,192257.02,1164.18,1706.03,null,21669.5,2.06,null,765.74,4.34,11.49,null,null,1522.84,2.07,null,1780.77,null,4007.29,1551.3,null,null,"112",0.5,0.6,295689.91,320.05,4628.88,null,null,907.24
1177.47,1157.23,14145.65,36194.45,596.34,186756.15,17755.91,36843.61,209273.56,4333.56,1232506.37,64356.99,135.93,529.76,null,2.982102036E7,36843.61,16597.19,1232506.37,5.76,1.83,847147.66,2484.02,196005.65,342253.54,16940.33,35999.49,8.94,18335.19,1.121481171E7,17127.02,16796.73,null,233.19,5.05,308777.99,85.15,"Riverina",null,9.51,27041.49,3.81,432122.48,7817.3,null,2.38,2180655.22,null,99588.2,5580.77,1206059.34,2.56,63934.4,7841.43,7.0,11.73,14273.1,11352.3,3545.93,4.1,1.214041597E7,181443.13,624.01,181705.92,55699.43,153067.82,59777.85,"113",3.63,6.0,4237123.18,4375.25,26447.02,3124.0,5050.23,940909.8
null,76.17,null,null,49.91,237.26,395.31,null,1629.27,170.98,8578.59,null,200.71,753.01,null,90126.58,null,35.67,8578.59,2.71,null,null,null,null,null,null,null,1.66,111.59,null,39.22,111.59,null,null,null,null,null,"Southern Highlands and Shoalhaven",null,null,849.05,null,null,null,null,3.0,50788.37,null,26.36,null,4408.54,null,750.49,4287.5,0.29,null,null,null,314.83,2.31,null,1731.29,null,11.9,1877.13,null,null,"114",null,0.74,71983.5,173.4,null,null,225.36,null
null,273.49,1069.1,null,4109.16,4758.9,2013.99,null,2104.27,774.41,6503.93,23.28,1042.92,null,null,686371.02,null,226.0,6503.93,3.03,null,null,453.41,null,null,null,null,null,null,78321.32,265.83,null,null,null,null,null,955.86,"Sydney - Baulkham Hills and Hawkesbury",null,null,65.28,null,null,null,null,0.36,793.56,null,209.61,null,6384.56,null,null,null,4.3,null,null,null,342.43,2.6,null,39.7,null,4402.54,null,null,null,"115",0.34,0.93,4592.81,1102.8,119.36,null,null,null
null,null,null,null,null,null,null,null,null,null,487.26,null,null,null,null,null,null,null,487.26,null,null,null,283.41,null,null,null,null,null,null,93017.93,null,null,null,null,null,null,null,"Sydney - Blacktown",null,null,null,null,null,null,null,null,1314.55,null,null,null,null,null,null,null,6.0,null,null,null,57.28,null,null,null,null,null,null,null,null,"116",null,null,2095.69,null,379.42,null,null,null
null,null,null,null,null,null,null,null,null,null,null,null,null,null,null,null,null,null,null,5.0,null,null,null,null,null,null,null,null,null,null,null,null,null,null,null,null,null,"Sydney - Inner South West",null,null,null,null,null,null,null,null,null,null,null,null,null,null,null,null,null,null,null,null,null,5.0,null,null,null,null,null,null,null,"119",null,null,null,null,null,null,null,null
null,null,null,null,null,null,null,null,null,null,null,null,null,null,null,null,null,null,null,5.42,null,null,null,null,null,null,null,null,null,null,null,null,null,null,null,null,null,"Sydney - North Sydney and Hornsby",null,null,null,null,null,null,null,null,null,null,null,null,null,null,null,null,5.42,null,null,null,null,null,null,null,null,null,null,null,null,"121",null,null,75.72,null,null,null,null,null
null,null,32.46,300.0,null,21.47,null,null,null,null,87.79,null,null,null,null,null,null,null,87.79,6.45,null,null,null,null,null,null,null,null,null,null,null,null,null,null,null,null,null,"Sydney - Northern Beaches",null,null,null,null,null,null,null,null,24358.79,null,null,null,null,null,null,100.0,6.45,null,null,null,null,null,null,30.0,null,null,100.0,null,null,"122",null,null,30971.63,null,78.31,null,20.0,1750.0
null,78.34,null,null,579.15,934.46,1586.08,null,857.22,404.16,null,null,140.35,20.0,null,null,null,37.91,null,2.69,null,null,625.56,null,null,null,null,0.13,null,null,46.47,null,null,null,null,null,128.26,"Sydney - Outer South West",null,null,null,null,null,null,null,0.06,8589.28,null,90.74,null,2307.5,null,null,null,4.52,null,null,31.63,213.52,3.92,null,291.37,null,758.4,148.21,null,null,"123",0.66,2.39,12076.01,519.26,null,48.08,null,null
null,112.63,513.58,null,4014.78,4673.77,1935.14,null,1148.17,400.83,7848.16,null,557.75,null,null,203227.39,null,240.1,7848.16,6.54,null,null,492.11,null,null,null,null,null,null,null,240.32,null,null,null,null,null,507.24,"Sydney - Outer West and Blue Mountains",null,null,null,null,null,null,null,null,6306.66,null,null,null,7506.37,null,null,null,7.91,null,null,null,168.21,4.83,null,null,null,3462.03,null,null,null,"124",null,6.48,6058.28,438.37,341.79,null,1211.74,70.0
null,203.58,2491.96,null,1758.1,null,2105.08,null,null,341.73,10175.38,355.0,82.56,null,null,253585.02,null,2.41,10175.38,3.71,null,484.25,2481.75,478.56,null,null,null,3.31,null,null,4.99,null,null,null,null,455.0,78.11,"Sydney - South West",null,null,75.0,null,null,null,null,4.73,3980.72,null,7.06,875.0,9474.3,null,null,null,22.51,null,null,null,279.37,6.16,427736.33,43.44,264.0,null,null,null,null,"127",2.44,2.94,10484.1,434.85,701.08,null,299.91,1850.0
null,195.39,8378.2,null,240.48,1622.27,13813.72,null,8268.66,3503.35,25889.73,null,72.31,null,0.36,359316.54,null,6.67,25889.73,2.46,1.0,null,229.25,null,null,null,null,null,null,null,7.91,null,null,null,1.81,68747.38,59.15,"Ballarat",null,null,1727.91,null,null,null,null,1.36,319960.94,null,6.5,null,20364.75,null,null,null,4.07,null,null,null,1113.18,3.94,null,12565.39,null,1471.73,36964.69,null,606.0,"201",1.72,0.97,583027.04,3298.82,5524.98,null,150.54,119116.46
null,426.34,2403.85,null,null,21140.61,899.21,null,66087.62,121.38,169844.01,101136.01,5.31,null,null,1.101082028E7,null,3601.48,169844.01,2.44,1.29,135124.24,null,66186.52,null,3665.53,null,2.69,546.24,6566781.66,3659.69,435.14,null,null,null,36345.88,null,"Bendigo",null,null,40843.11,2.06,null,1873.44,null,2.48,415633.25,null,12226.36,null,161154.7,1.59,896.27,6055.9,6.94,null,2425.14,20718.2,1121.07,7.41,null,4629.21,null,21127.1,71138.64,19747.13,12393.05,"202",3.65,3.39,783427.54,124.09,8689.31,5671.48,null,190717.83
null,73.46,4915.86,null,2240.29,null,883.47,null,3136.79,285.59,9968.44,null,528.56,94.37,null,230692.13,null,16.01,9968.44,1.71,null,180.25,1582.12,null,null,null,null,null,139.1,null,null,139.1,null,null,null,16421.71,520.5,"Geelong",null,null,null,0.82,null,null,null,2.73,127128.54,null,23.34,null,5350.41,null,null,null,4.3,null,null,null,579.46,3.09,44678.3,809.09,null,null,13824.91,null,null,"203",null,1.46,216879.08,347.29,4618.03,null,null,33170.49
447.7,484.73,11608.85,null,1681.04,32905.86,141.78,null,23970.36,55.92,67611.82,32455.46,377.49,null,null,1225605.44,null,1082.0,67611.82,2.27,1.26,null,254.61,null,null,null,null,2.81,4108.41,232888.45,1528.36,3479.62,null,190.6,2.35,23837.12,371.77,"Hume",null,null,10194.59,1.47,null,null,null,3.18,988336.0,null,1203.93,null,54363.35,2.42,5103.79,10689.87,4.52,null,null,1349.4,2865.95,2.54,null,10444.32,112.14,32001.97,28146.24,null,null,"204",2.42,1.11,1200097.76,56.53,13248.47,557.74,903.88,45318.96
null,605.54,25712.33,null,700.32,37417.97,12973.43,null,45836.66,6178.27,174330.73,111051.79,451.08,4536.17,null,6034147.25,null,67.84,174330.73,3.07,3.68,72290.83,null,null,null,2688.19,null,2.22,null,null,250.75,null,null,null,2.03,3133.59,375.38,"Latrobe - Gippsland",null,null,32750.07,null,null,110.0,null,3.39,813854.76,null,171.96,5987.51,140548.38,3.37,null,51674.56,1.87,null,405.0,null,3697.16,2.1,387755.0,31370.57,2695.14,33541.43,76677.2,1694.81,503.55,"205",2.52,2.53,976066.25,8854.09,33782.35,2369.1,3876.53,7964.7
null,null,null,null,null,83.87,200.0,null,29.51,29.0,201.53,null,null,null,null,null,null,null,201.53,6.83,null,90.32,19.35,null,null,null,null,null,null,null,null,null,null,null,null,null,null,"Melbourne - Inner South",null,null,null,null,null,null,null,null,null,null,null,null,201.53,null,null,null,3.0,null,null,null,null,6.9,null,7.98,null,83.87,null,null,null,"208",null,null,51.69,29.0,null,null,null,null
110.0,34.63,1193.23,null,550.16,80.21,219.28,null,411.58,77.69,1819.94,null,146.82,null,null,null,null,null,1819.94,3.54,null,null,105.0,null,null,null,null,null,9.0,null,883.43,null,null,24.5,4.49,null,108.82,"Melbourne - North East",null,null,null,null,null,null,null,3.14,10143.84,null,null,null,1456.15,null,null,null,5.06,null,null,null,144.51,2.82,null,405.24,null,80.0,null,null,null,"209",null,2.87,29267.47,79.8,363.79,null,0.21,null
null,15.07,210.69,null,null,null,null,null,null,null,null,null,null,null,null,null,null,null,null,null,null,null,null,null,null,null,null,null,null,null,275.44,null,null,null,null,null,null,"Melbourne - North West",null,null,null,5.15,null,null,null,1.85,23470.6,null,null,null,null,null,null,179.61,null,null,null,null,117.58,null,null,null,null,null,1063.71,null,null,"210",null,null,31482.55,null,null,null,null,null
7.0,318.85,4828.83,null,1865.33,1209.94,513.42,null,4236.44,null,7911.83,null,889.39,405.32,null,383436.83,null,1610.9,7911.83,1.77,null,190.78,410.16,null,null,null,null,null,1762.22,342055.81,1609.13,1742.22,null,3.83,1.83,null,691.28,"Melbourne - Outer East",null,null,null,0.69,null,null,null,null,10324.26,null,3918.71,null,7512.91,null,1193.65,null,2.7,null,null,null,420.97,null,null,866.81,null,1049.76,null,null,null,"211",null,2.43,21431.34,null,398.92,null,160.18,null
null,157.68,4935.43,null,2791.21,1754.14,6187.44,null,3751.4,2656.93,13081.05,null,997.33,2962.08,null,1251847.35,null,188.27,13081.05,2.51,null,513.4,898.03,658.47,null,null,null,null,null,377801.93,193.5,null,null,null,null,null,904.67,"Melbourne - South East",null,null,null,1.8,null,null,null,null,51757.82,null,436.6,null,9418.02,null,null,10160.81,3.09,null,null,null,770.64,2.33,137907.04,2017.96,null,1664.68,7296.06,null,null,"212",null,2.32,68483.28,4053.12,3663.02,null,null,192.0
null,147.28,null,null,480.83,null,12123.47,null,7015.15,4236.28,26616.98,1704.9,100.71,14933.99,null,4518250.16,null,138.37,26616.98,3.74,1.34,8833.89,222.29,null,null,null,null,null,null,null,35.82,null,null,null,null,754.23,94.7,"Melbourne - West",null,null,446.3,null,null,273.14,null,3.82,12166.07,null,314.7,null,26237.71,6.16,null,null,5.08,null,367.18,null,188.12,2.86,null,1706.33,null,null,null,11246.64,1826.36,"213",null,2.27,25060.0,5156.74,379.27,null,null,3254.27
null,120.98,3807.24,null,765.02,885.29,5492.82,null,3440.88,1342.47,10780.32,null,212.19,1567.33,462.0,403585.66,null,552.63,10780.32,2.21,null,null,null,null,null,null,null,null,null,258215.26,586.3,null,null,null,null,null,209.5,"Mornington Peninsula",null,null,null,0.28,null,null,null,null,null,null,980.85,null,7617.63,null,null,70.94,3.65,null,null,null,343.4,4.09,null,2275.0,null,702.01,null,null,null,"214",null,1.77,21051.28,1562.05,3162.68,null,183.28,null
777.7,1164.33,11166.99,null,503.9,314159.4,16187.48,null,137533.34,3589.65,628204.52,76402.06,1488.46,587.83,null,2.140504901E7,null,27057.08,628204.52,4.45,1.29,284759.75,1915.66,157063.05,null,2496.46,null,2.42,20566.1,1.844967859E7,28143.89,16706.82,null,346.58,2.24,622095.24,537.47,"North West",null,null,29303.57,6.55,null,8508.61,null,2.61,1169701.53,null,298015.62,37255.94,611901.19,null,109507.44,22829.66,0.94,null,10941.37,49650.87,4475.09,4.51,6359890.91,15614.89,null,313715.58,172666.66,12658.81,null,"215",2.07,11.01,4718888.82,3772.23,16303.33,23929.8,443.82,1992313.54
null,1679.55,7845.26,null,941.21,27794.99,9901.7,null,212819.84,2181.14,696421.63,438220.69,222.08,10841.48,null,2.558498243E7,null,8887.45,696421.63,3.17,1.29,591891.07,null,202651.02,null,null,null,3.02,1766.46,1.462781038E7,9616.53,1704.7,null,null,0.83,36890.65,172.84,"Shepparton",null,null,130356.6,1.82,null,4966.0,null,3.36,336202.9,null,42646.41,58191.49,674003.26,2.16,3102.01,32292.76,5.45,null,6393.39,91470.41,2237.0,4.54,null,58036.54,19240.58,27766.09,113524.05,22420.23,10395.08,"216",2.69,4.8,636233.82,3223.72,22418.36,34056.58,null,116378.52
null,323.32,13213.04,null,41.54,2175.66,null,null,13590.87,null,111610.6,28214.3,49.88,null,null,542709.7,null,25.86,111610.6,2.53,null,null,2378.81,null,null,null,null,null,117.64,null,27.33,117.64,null,372.46,0.77,37961.53,15.36,"Warrnambool and South West",null,null,7460.43,0.58,null,null,null,3.78,1278335.18,null,43.86,2802.39,34431.62,0.32,68.81,65459.87,2.71,null,null,null,3852.69,2.16,null,91287.12,null,1648.89,120692.59,null,null,"217",4.81,1.7,1541033.58,null,77178.97,null,526.77,77254.95
null,21.44,756.9,null,588.43,2.44,144.32,null,120.47,39.6,1084.1,null,98.95,null,null,null,null,null,1084.1,6.08,null,null,249.29,null,null,null,null,null,null,null,null,null,null,null,null,null,80.86,"Brisbane - East",null,null,null,null,null,null,null,null,35227.12,null,null,null,732.75,null,null,null,7.28,null,null,null,41.91,3.64,null,75.47,null,2.44,26.0,null,null,"301",null,null,35953.95,118.74,351.35,null,null,null
null,null,null,null,null,null,null,null,null,null,null,null,null,null,null,null,null,null,null,null,null,null,null,null,null,null,null,null,null,null,null,null,null,null,null,null,null,"Brisbane - North",null,null,null,null,null,null,null,null,null,null,null,null,null,null,null,null,null,null,null,null,null,null,null,null,null,null,null,null,null,"302",null,null,null,null,null,null,null,null
null,4.36,6.32,null,16.56,4.21,236.66,null,27.3,18.93,263.79,null,null,null,null,null,null,null,263.79,9.28,null,null,9.85,null,null,null,null,null,null,null,null,null,null,null,null,null,null,"Brisbane - South",null,null,null,null,null,null,null,null,14.2,null,null,null,253.21,null,null,null,1.98,null,null,null,null,12.5,null,243.41,null,null,null,null,null,"303",null,null,78.93,null,10.58,null,4.21,null
null,3.19,null,null,7.02,null,null,null,null,null,null,null,1.4,null,null,null,null,null,null,3.78,null,null,null,null,null,null,null,null,null,null,null,null,null,null,null,null,1.4,"Brisbane - West",null,null,null,null,null,null,null,null,null,null,null,null,null,null,null,null,5.0,null,null,null,3.19,null,null,null,null,null,null,null,null,"304",null,3.58,null,null,null,null,null,null
2284.75,394.42,2194.61,null,null,32188.54,4830.89,null,20758.72,824.1,112413.39,8839.15,null,null,null,3573015.68,null,9315.27,112413.39,5.17,2.42,46245.24,null,6210.79,null,null,null,5.0,27.77,500685.19,15938.97,null,5.13,559.14,4.09,1444.41,null,"Cairns",87128.65,null,2258.54,null,null,324.1,31184.77,3.91,479372.95,6074.33,52213.18,257.14,107420.53,5.55,null,239.65,7.38,6.36,784.74,1571.2,1361.69,5.86,null,30630.25,51.43,9439.29,2094.01,null,682.69,"306",3.61,5.61,640180.92,1124.87,4992.86,435.37,22749.24,2374.87
null,717.23,324665.32,175935.75,null,421904.25,8551.15,null,163907.77,3405.8,945747.2,null,287.74,14892.97,363.15,6880164.41,null,2613.4,945747.2,5.45,null,64908.19,null,22870.22,772858.19,1585.71,107030.16,5.11,307.85,3510074.0,2427.53,182.4,null,null,null,364239.45,null,"Darling Downs - Maranoa",null,7.22,null,4.76,null,null,null,1.99,1.120436989E7,null,6349.42,9975.69,893306.07,1.95,868.29,28423.51,null,null,null,10758.78,4656.09,2.51,null,118601.6,1952.32,380524.56,27171.88,34676.14,17808.56,"307",2.62,2.43,1.402218019E7,5866.02,52441.13,4102.98,41379.69,871860.6
null,285.77,73881.88,24317.85,758.48,75020.27,1319.09,null,42217.16,202.98,238393.13,13315.18,null,6735.94,null,4198327.17,null,1131.22,238393.13,4.86,2.17,61967.61,null,17709.08,131289.59,3882.85,18341.15,5.55,983.6,1673660.25,1968.09,335.8,null,null,3.9,99537.69,128.19,"Central Queensland",null,7.16,3455.74,8.8,null,9634.21,null,3.85,8633497.01,null,2729.97,5294.36,205048.2,2.55,2953.41,2517.99,5.92,null,20917.89,17494.3,2412.11,6.5,4689206.82,20722.0,954.52,67498.07,17484.97,8556.7,3360.27,"308",3.83,2.41,9647936.66,null,33344.93,4565.49,7522.2,138239.31
null,53.42,468.58,null,500.33,334.4,14.33,null,212.77,6.55,895.39,null,null,null,null,null,null,null,895.39,3.56,null,8.45,9.2,null,null,null,null,null,null,null,114.49,null,null,null,null,null,166.01,"Gold Coast",3347.4,null,null,null,null,null,null,null,82390.36,null,null,null,757.97,null,null,null,3.01,null,null,null,160.05,2.19,null,null,null,null,null,null,null,"309",null,6.05,92414.29,null,null,null,296.12,null
null,307.47,4062.78,null,1026.8,9387.2,13914.36,null,12167.45,5335.37,32350.6,null,286.27,27.87,null,803203.05,null,null,32350.6,2.4,1.21,1523.66,38.86,687.84,null,109.85,null,2.01,null,null,null,null,null,null,null,null,198.73,"Ipswich",null,null,2449.87,null,null,null,null,1.83,322639.09,null,1551.74,664.94,29203.08,1.63,null,null,5.17,null,null,4991.07,684.92,2.61,58925.93,17310.23,330.3,8136.98,4991.1,1886.2,1155.63,"310",2.59,null,357583.06,7232.84,3147.52,1927.67,null,1890.29
null,138.4,1282.18,null,768.2,7551.49,49.05,null,null,null,14080.44,7107.0,294.38,null,null,185494.03,null,null,14080.44,null,1.37,null,132.28,null,null,null,null,0.9,null,null,null,null,null,null,null,null,159.17,"Logan - Beaudesert",null,null,null,0.91,null,null,null,null,162626.41,null,null,null,11803.16,0.54,null,null,4.83,null,null,null,352.5,null,null,1516.41,null,3271.25,1732.38,null,null,"311",2.26,null,165794.32,null,2277.27,null,null,null
null,735.77,42023.55,1480.16,334.15,21962.63,8113.55,null,82819.91,3208.37,142908.77,4400.84,122.91,5231.16,null,5297405.22,null,495.17,142908.77,1.48,null,32998.99,66.36,4804.64,10442.44,4512.71,715.76,null,null,585535.55,415.58,null,1.28,null,null,53176.32,122.91,"Mackay - Isaac - Whitsunday",146671.07,14.59,2744.38,null,null,null,96089.71,1.6,7675224.56,75177.48,763.61,null,122521.28,1.5,null,null,2.72,2.94,null,null,1963.67,2.53,318311.83,40626.07,null,17848.23,1599.43,null,null,"312",8.04,1.54,8299420.74,3671.3,20387.48,null,4114.4,78260.13
null,112.34,4606.04,null,847.83,null,null,null,3219.98,null,9657.62,null,276.8,30.0,null,148999.34,null,1013.25,9657.62,2.29,null,1376.47,null,null,null,null,null,null,null,null,1650.01,null,null,null,null,null,243.81,"Moreton Bay - North",null,null,null,null,null,null,null,1.08,117718.96,null,4351.11,null,7362.16,null,null,null,3.48,null,null,null,281.98,7.94,null,637.88,null,null,null,null,null,"313",2.0,4.29,143267.94,null,2295.46,null,246.26,null
null,4.18,1.75,null,6.77,null,null,null,null,null,null,null,null,null,null,null,null,null,null,0.1,null,null,1.0,null,null,null,null,null,null,null,null,null,null,null,null,null,null,"Moreton Bay - South",null,null,null,null,null,null,null,null,null,null,null,null,6.77,null,null,null,0.1,null,null,null,null,null,null,null,null,null,null,null,null,"314",null,null,null,null,null,null,null,null
null,188.7,25538.65,null,null,23932.02,1754.52,null,11079.36,479.05,149867.09,null,null,3640.07,null,2217153.17,null,4283.87,149867.09,6.49,2.84,34680.72,null,3767.99,null,335.36,null,null,80.27,316737.9,4242.83,10.27,7.59,null,null,1563.15,null,"Queensland - Outback",4250.0,null,null,10.6,null,null,26793.5,3.97,8.959525661E7,3530.57,17182.93,null,71865.59,null,108.87,null,null,null,null,23507.2,1805.41,3.66,null,62075.23,null,8573.47,4845.72,null,null,"315",10.76,4.01,9.27200032E7,null,78001.5,2184.0,15358.54,8965.59
null,203.56,9587.4,100.0,2018.52,null,234.58,null,1791.9,null,12834.81,null,495.34,156.34,null,null,null,1038.94,12834.81,3.27,null,0.51,53.22,null,741.78,null,100.0,null,null,null,2754.04,null,null,null,null,null,298.18,"Sunshine Coast",424.29,7.42,null,null,null,null,null,2.0,null,null,2444.39,null,5854.41,null,null,null,6.77,null,null,null,439.16,null,null,1479.87,null,null,null,null,null,"316",null,2.35,33935.91,151.73,null,null,null,null
null,80.79,2813.44,null,null,2611.26,21572.59,null,13874.85,5467.41,28100.54,48.92,105.38,97.0,null,234893.58,null,135.71,28100.54,1.96,null,114.46,null,null,null,null,null,1.03,null,null,132.85,null,null,null,null,null,null,"Toowoomba",null,3.19,159.88,null,null,null,null,0.31,27661.04,null,945.8,null,27132.48,null,null,null,null,null,null,955.63,204.33,3.95,null,22455.14,null,2065.03,1747.06,null,null,"317",6.55,6.97,51367.83,6969.09,968.06,145.87,546.24,4125.66
null,614.51,31292.72,null,null,103358.52,13537.2,4.0,83723.52,4190.51,662531.11,1348.34,227.8,18229.06,null,1.612852795E7,4.0,1368.24,662531.11,7.69,1.6,271933.4,35.71,35913.09,null,null,null,null,26.09,1059663.36,1675.59,26.09,8.21,null,null,1016.04,226.22,"Townsville",128522.29,5.45,359.54,5.01,60.0,1138.33,619672.06,3.75,8433816.74,75440.27,2296.15,null,643842.65,2.36,130.73,null,null,15.0,1815.71,null,1348.74,3.23,null,237681.7,null,71912.9,2059.49,905.49,383.96,"318",2.72,1.68,8721384.69,4568.53,18688.46,null,null,1314.1
174.2,1002.6,50536.74,634.69,1323.19,64889.27,12570.95,null,81784.77,4425.11,313044.56,13537.81,319.2,3770.9,0.01,1.905156744E7,null,13603.41,313044.56,3.61,2.33,134677.09,null,26876.8,1760.61,3310.38,364.07,0.86,326.39,1193568.03,16227.73,294.38,3.84,null,null,8545.37,208.67,"Wide Bay",60974.72,4.84,4304.15,3.14,null,2253.97,190843.25,3.15,2576924.31,49762.86,51952.47,1358.62,295357.83,1.93,924.04,3750.51,6.34,null,5260.41,12115.94,2763.44,2.84,976415.12,57710.24,null,59829.28,8045.8,3536.35,1828.68,"319",3.93,3.82,3021294.32,5037.34,17686.73,3084.4,5059.98,19531.79
null,279.23,3364.41,null,null,403.28,769.77,null,5200.12,129.47,14530.29,4072.21,122.3,62.97,null,374316.84,null,1931.01,14530.29,2.59,null,467.84,72.38,167.41,null,null,null,null,2410.76,null,1950.52,2182.76,null,null,null,66.3,null,"Adelaide - Central and Hills",null,null,612.48,1.12,null,null,null,6.65,33621.83,null,5188.3,null,13482.05,null,2442.6,null,null,null,null,592.91,434.0,5.95,null,10159.41,null,392.08,3709.49,null,null,"401",2.86,2.69,45380.13,150.19,1048.24,207.11,11.2,113.88
null,258.35,1328.57,null,null,null,8164.26,null,3057.58,1592.58,14619.25,null,68.36,7191.64,null,1594360.63,null,831.38,14619.25,4.72,null,null,417.95,614.79,null,null,null,null,633.92,208278.38,831.38,466.42,null,null,null,1405.36,null,"Adelaide - North",null,null,null,1.9,null,null,null,null,3543.64,null,4905.2,null,14440.12,null,885.62,null,null,null,null,null,329.02,5.13,null,5003.76,null,null,1021.2,null,null,"402",1.04,5.9,18081.79,1621.48,179.13,null,8.59,5338.79
null,206.04,350.0,null,null,null,2.5,null,5766.21,5.2,6932.07,null,13.49,2199.24,null,2511773.07,null,122.33,6932.07,1.17,null,null,493.88,null,null,null,null,null,6022.4,49479.4,168.3,5630.9,null,null,null,null,null,"Adelaide - South",null,null,null,1.14,null,null,null,null,5755.43,null,303.84,null,6733.06,null,6392.8,null,null,null,null,null,235.1,0.48,null,3691.89,null,null,null,null,null,"403",null,null,14812.61,5.2,199.01,null,null,null
null,484.73,6567.15,null,null,2484.92,1866.05,null,38417.63,342.41,33948.64,null,null,1671.3,null,6130145.09,null,255.42,33948.64,0.44,null,4457.11,10047.43,null,null,1107.44,null,null,14369.05,574418.18,306.93,13421.21,null,null,null,365796.57,null,"Barossa - Yorke - Mid North",null,null,null,0.91,null,null,null,null,1416956.2,null,243.65,null,17087.47,null,12172.66,2411.11,null,null,null,null,2806.52,5.45,1660131.45,8720.74,null,2148.08,118811.04,null,null,"405",0.79,0.95,3428882.06,342.71,16861.17,null,336.84,1130080.71
null,32.26,7250.63,null,null,539.08,null,null,null,30.38,21113.28,null,null,null,null,null,null,null,21113.28,null,null,null,7549.05,null,null,null,null,null,null,null,null,null,null,null,null,208094.45,null,"South Australia - Outback",null,null,null,null,null,null,null,null,3.871263272E7,null,null,null,null,null,null,null,null,null,null,null,1320.57,null,null,4432.45,null,341.2,15974.12,null,null,"406",null,null,4.196883423E7,30.79,15783.57,null,197.87,1326605.88
25994.57,1777.4,5038.81,null,2714.01,171915.3,54099.46,null,110713.47,9954.49,519371.56,95595.22,553.96,1045.34,null,1.129536117E7,null,13434.47,519371.56,4.4,1.43,97173.97,6492.18,53685.82,null,4218.21,null,2.3,37262.08,5767174.76,13946.46,34805.8,null,5907.4,4.4,164095.29,532.02,"South Australia - South East",null,null,26208.5,4.2,null,null,null,3.65,2344440.81,null,98440.22,2695.78,486937.47,1.57,146233.72,10515.93,5.1,null,null,56016.89,4536.13,5.43,5485406.39,237666.91,1171.88,145585.45,141490.72,5054.75,null,"407",3.63,7.33,4244461.79,10254.49,32434.08,15424.33,26329.85,819983.33
270.98,712.45,34403.88,null,881.04,3302.8,19456.67,null,23201.56,3504.87,107734.0,43506.61,286.3,null,null,2842797.25,null,3946.02,107734.0,4.25,null,40737.8,null,6388.83,null,null,null,8.83,7943.37,399413.81,4080.9,7050.61,null,47.3,5.73,null,285.09,"Bunbury",null,null,6666.68,1.38,null,null,null,6.53,393187.67,null,19328.98,817.11,98631.97,6.8,9714.84,12683.72,3.09,null,null,4172.53,1590.43,5.55,null,29200.94,92.54,974.68,29793.02,483.21,71.06,"501",2.71,4.9,503853.66,4700.47,9102.04,1537.39,2328.12,18035.8
null,null,null,null,null,null,null,null,64.93,null,763.39,null,null,null,null,null,null,null,763.39,null,null,null,null,null,null,null,null,null,40.0,null,null,40.0,null,null,null,null,null,"Mandurah",null,null,null,0.1,null,null,null,4.0,27630.63,null,null,null,null,null,4.0,null,null,null,null,null,121.86,null,null,577.89,null,null,2121.06,null,null,"502",null,null,32964.26,null,659.66,null,null,null
null,82.7,444.88,null,739.79,null,40.38,null,756.21,4.44,3561.52,null,77.49,null,null,null,null,85.15,3561.52,4.31,null,null,null,null,null,null,null,12.42,285.44,null,91.54,253.34,null,null,null,null,77.49,"Perth - North East",null,null,295.78,3.52,null,null,null,1.41,null,null,669.41,496.74,3255.59,null,891.22,100.0,9.55,null,null,null,117.02,9.09,null,3041.2,40.0,null,80.41,null,null,"504",null,7.86,null,5.34,305.93,null,null,null
null,99.58,4.59,null,4522.31,null,4646.51,null,859.16,453.43,10750.12,null,321.81,null,null,null,null,79.28,10750.12,12.18,null,null,null,null,null,null,null,null,null,null,79.28,null,null,null,null,null,318.93,"Perth - North West",null,null,null,3.35,null,null,null,null,null,null,1274.71,null,10468.68,null,null,null,14.18,null,null,null,118.38,10.25,null,10745.51,null,null,null,null,null,"505",null,16.08,3842.76,465.56,281.45,null,null,null
null,141.0,null,null,1845.15,null,932.66,null,1089.48,141.23,6889.7,294.1,209.04,195.31,null,null,null,596.7,6889.7,4.83,null,760.0,null,null,null,null,null,null,null,null,617.87,null,null,null,null,null,208.69,"Perth - South East",null,null,108.35,0.15,null,null,null,2.71,14551.42,null,2187.25,null,5264.23,null,null,null,8.84,null,null,null,249.49,6.6,null,4884.22,null,null,2325.73,null,null,"506",null,3.67,19137.55,144.95,1625.47,null,null,null
null,55.8,null,null,196.0,null,null,null,100.95,56.71,1333.05,null,36.24,null,null,null,null,null,1333.05,6.55,null,null,42.0,null,null,null,null,null,null,null,null,null,null,null,null,null,36.24,"Perth - South West",null,null,null,3.85,null,null,null,null,null,null,null,null,661.73,null,null,null,5.41,null,null,null,65.86,5.72,null,1291.05,null,null,null,null,null,"507",null,23.67,1468.99,57.46,null,null,null,null
2.02,273.93,36090.29,null,3956.75,3760.89,20688.65,null,79153.77,1971.2,113385.35,4003.86,620.26,188.4,0.91,739674.53,null,3941.45,113385.35,0.82,0.14,5320.83,10948.39,null,null,null,null,null,1998.84,null,4104.53,1811.23,null,4.04,0.5,1078701.23,608.19,"Western Australia - Wheat Belt",null,null,19526.54,0.96,null,13997.21,null,null,3970452.24,null,19229.36,null,64791.87,0.32,1741.47,14186.43,6.51,null,1913.62,1255.29,4887.95,10.5,null,57075.63,null,2310.61,156945.44,12000.84,37222.86,"509",17.67,4.88,1.22787025E7,2213.93,48593.49,71.06,1450.28,4749840.08
2038.82,70.7,1647.74,null,398.16,8172.05,8627.83,null,6982.57,1116.93,90142.92,140.05,49.33,190.0,50.6,1507409.45,null,240.95,90142.92,10.68,12.48,62882.88,null,null,null,null,null,13.56,null,null,243.32,null,null,183.49,11.11,1501.6,49.33,"Western Australia - Outback (North)",null,null,null,null,null,2096.94,null,2.3,2.851744124E7,null,2696.63,null,74554.02,11.52,null,1578.34,8.07,null,26166.87,5398.08,172.64,7.72,null,17199.65,null,5532.9,2619.03,25479.57,2210.84,"510",7.13,11.19,2.923740416E7,1209.69,15588.9,757.1,2639.15,3765.93
null,137.75,7347.5,null,409.99,1325.81,2405.0,null,37579.89,628.57,29279.0,894.87,42.87,null,null,1141332.56,null,356.97,29279.0,0.46,0.47,3356.16,1498.4,null,null,null,null,null,143.99,null,1233.86,140.35,null,null,null,724225.78,29.37,"Western Australia - Outback (South)",null,null,7314.4,7.24,null,5970.38,null,0.12,3.686808476E7,null,4037.19,null,17226.38,0.25,1016.17,863.75,13.96,null,2793.14,null,1549.54,3.83,null,15751.13,null,null,14673.21,5670.03,23139.85,"511",null,11.31,4.168152521E7,871.09,12052.62,null,null,2019157.49
null,75.2,2002.84,null,280.36,null,1210.33,null,2159.93,355.28,5419.95,1895.2,null,1467.42,null,null,null,179.35,5419.95,2.39,null,1327.89,null,385.61,null,null,null,3.22,253.08,124381.72,181.85,174.18,null,37.56,5.13,null,48.87,"Hobart",null,null,968.99,1.56,null,null,null,1.96,19577.66,null,365.95,273.18,5161.26,1.71,271.24,338.92,5.74,null,null,578.11,123.79,3.41,null,37.4,84.87,null,626.1,null,null,"601",2.26,2.04,50005.79,557.31,258.68,255.9,null,null
11157.56,453.92,45602.38,null,44.48,66557.22,16922.57,null,53785.36,4568.97,149620.64,71987.32,null,651.93,null,2292544.73,null,596.99,149620.64,2.54,2.36,31715.07,202.92,5399.54,null,5483.57,null,2.29,525.86,257552.53,608.42,448.25,null,3654.31,3.05,1889.39,8.89,"Launceston and North East",null,null,29240.67,0.89,null,4849.29,null,2.46,461851.19,null,1762.7,2742.24,136882.36,1.95,398.74,10700.46,5.01,null,11457.5,9789.0,934.31,3.7,819172.77,4891.13,1197.04,34832.37,28547.43,10620.26,5454.83,"602",2.6,2.95,686789.98,6260.98,12738.29,3766.13,31724.86,14582.12
1811.96,206.55,14513.3,null,135.81,22425.82,105.33,null,17399.25,35.63,43901.13,21598.48,null,null,60.64,1023705.38,null,1819.94,43901.13,2.29,1.94,6564.81,131.64,1970.77,null,null,null,3.24,392.29,78237.57,1848.45,341.85,null,434.75,4.17,219.6,99.1,"South East",null,null,10672.89,2.24,null,1429.75,null,2.02,345692.84,null,5748.85,1580.07,39778.33,2.36,764.97,1307.97,1.37,null,2780.81,2043.02,456.47,2.96,null,200.04,487.77,10244.44,4853.32,3209.04,1360.15,"603",2.85,3.16,473155.31,80.73,4122.8,717.42,12181.38,4200.47
null,395.06,33761.88,null,295.7,15387.02,15818.42,null,23629.26,5647.89,68289.02,32572.77,123.27,485.4,null,1075753.65,null,259.15,68289.02,2.44,1.44,3307.64,187.29,971.62,null,1266.11,null,2.68,48.04,121802.22,380.46,29.56,null,null,1.61,1503.01,112.39,"West and North West",null,null,13422.29,0.5,null,2106.68,null,2.43,205933.09,null,254.91,1958.72,57730.97,0.95,14.78,15325.17,2.63,null,3038.27,null,934.67,2.8,null,15159.79,730.99,6658.08,17328.18,256.37,268.82,"604",4.92,0.98,270336.31,6625.63,10558.05,551.76,8728.94,1663.85
null,92.1,110.11,null,226.8,8.55,689.13,null,null,280.6,7266.75,null,68.88,null,null,null,null,2232.0,7266.75,null,null,72.13,157.81,null,null,null,null,null,null,null,2308.52,null,null,null,null,null,68.88,"Darwin",null,null,null,null,null,null,null,null,36051.24,null,5779.94,null,null,null,null,null,3.29,null,null,null,112.86,2.46,null,6918.14,null,5.64,977.51,null,null,"701",null,2.59,95846.5,344.23,null,null,2.91,null
null,64.61,33858.3,null,8.11,3850.4,6661.78,70.86,17874.6,1140.51,87898.45,30402.63,3.43,null,null,120301.76,70.86,693.58,87898.45,2.6,2.32,52.67,15.7,null,null,null,null,7.17,165.2,null,818.87,165.2,null,null,null,182.55,3.43,"Northern Territory - Outback",null,null,15128.52,11.58,787.3,117.69,null,2.01,4.985891016E7,null,2543.87,2187.31,46535.53,null,1912.59,1292.96,2.37,11.11,273.08,1758.87,259.95,5.84,null,50121.38,305.13,577.95,12606.66,null,null,"702",7.04,3.67,5.448419996E7,1204.9,41362.92,249.69,3272.45,608.98
null,4.0,380.34,null,null,90.5,null,null,null,null,510.66,null,null,null,null,null,null,null,510.66,null,null,null,11.59,null,null,null,null,null,9.3,null,null,9.3,null,null,null,17.0,null,"Australian Capital Territory",null,null,null,1.32,null,null,null,null,23204.62,null,null,null,null,null,12.3,null,null,null,null,null,36.24,null,null,28.24,null,85.42,25.0,null,null,"801",null,null,24970.82,null,null,null,5.08,17.0
